+1	1f44d
+1_dark_skin_tone	1f44d-1f3ff
+1_light_skin_tone	1f44d-1f3fb
+1_medium_dark_skin_tone	1f44d-1f3fe
+1_medium_light_skin_tone	1f44d-1f3fc
+1_medium_skin_tone	1f44d-1f3fd
-1	1f44e
-1_dark_skin_tone	1f44e-1f3ff
-1_light_skin_tone	1f44e-1f3fb
-1_medium_dark_skin_tone	1f44e-1f3fe
-1_medium_light_skin_tone	1f44e-1f3fc
-1_medium_skin_tone	1f44e-1f3fd
100	1f4af
1234	1f522
8ball	1f3b1
a	1f170-fe0f
ab	1f18e
abacus	1f9ee
abc	1f524
abcd	1f521
accept	1f251
accordion	1fa97
adhesive_bandage	1fa79
admission_tickets	1f39f-fe0f
adult	1f9d1
adult_dark_skin_tone	1f9d1-1f3ff
adult_light_skin_tone	1f9d1-1f3fb
adult_medium_dark_skin_tone	1f9d1-1f3fe
adult_medium_light_skin_tone	1f9d1-1f3fc
adult_medium_skin_tone	1f9d1-1f3fd
aerial_tramway	1f6a1
airplane	2708-fe0f
airplane_arriving	1f6ec
airplane_departure	1f6eb
alarm_clock	23f0
alembic	2697-fe0f
alien	1f47d
ambulance	1f691
amphora	1f3fa
anatomical_heart	1fac0
anchor	2693
angel	1f47c
angel_dark_skin_tone	1f47c-1f3ff
angel_light_skin_tone	1f47c-1f3fb
angel_medium_dark_skin_tone	1f47c-1f3fe
angel_medium_light_skin_tone	1f47c-1f3fc
angel_medium_skin_tone	1f47c-1f3fd
anger	1f4a2
angry	1f620
anguished	1f627
ant	1f41c
apple	1f34e
aquarius	2652
aries	2648
arrow_backward	25c0-fe0f
arrow_double_down	23ec
arrow_double_up	23eb
arrow_down	2b07-fe0f
arrow_down_small	1f53d
arrow_forward	25b6-fe0f
arrow_heading_down	2935-fe0f
arrow_heading_up	2934-fe0f
arrow_left	2b05-fe0f
arrow_lower_left	2199-fe0f
arrow_lower_right	2198-fe0f
arrow_right	27a1-fe0f
arrow_right_hook	21aa-fe0f
arrow_up	2b06-fe0f
arrow_up_down	2195-fe0f
arrow_up_small	1f53c
arrow_upper_left	2196-fe0f
arrow_upper_right	2197-fe0f
arrows_clockwise	1f503
arrows_counterclockwise	1f504
art	1f3a8
articulated_lorry	1f69b
artist	1f9d1-200d-1f3a8
artist_dark_skin_tone	1f9d1-1f3ff-200d-1f3a8
artist_light_skin_tone	1f9d1-1f3fb-200d-1f3a8
artist_medium_dark_skin_tone	1f9d1-1f3fe-200d-1f3a8
artist_medium_light_skin_tone	1f9d1-1f3fc-200d-1f3a8
artist_medium_skin_tone	1f9d1-1f3fd-200d-1f3a8
astonished	1f632
astronaut	1f9d1-200d-1f680
astronaut_dark_skin_tone	1f9d1-1f3ff-200d-1f680
astronaut_light_skin_tone	1f9d1-1f3fb-200d-1f680
astronaut_medium_dark_skin_tone	1f9d1-1f3fe-200d-1f680
astronaut_medium_light_skin_tone	1f9d1-1f3fc-200d-1f680
astronaut_medium_skin_tone	1f9d1-1f3fd-200d-1f680
athletic_shoe	1f45f
atm	1f3e7
atom_symbol	269b-fe0f
auto_rickshaw	1f6fa
avocado	1f951
axe	1fa93
b	1f171-fe0f
baby	1f476
baby_bottle	1f37c
baby_chick	1f424
baby_dark_skin_tone	1f476-1f3ff
baby_light_skin_tone	1f476-1f3fb
baby_medium_dark_skin_tone	1f476-1f3fe
baby_medium_light_skin_tone	1f476-1f3fc
baby_medium_skin_tone	1f476-1f3fd
baby_symbol	1f6bc
back	1f519
bacon	1f953
badger	1f9a1
badminton_racquet_and_shuttlecock	1f3f8
bagel	1f96f
baggage_claim	1f6c4
baguette_bread	1f956
bald_man	1f468-200d-1f9b2
bald_man_dark_skin_tone	1f468-1f3ff-200d-1f9b2
bald_man_light_skin_tone	1f468-1f3fb-200d-1f9b2
bald_man_medium_dark_skin_tone	1f468-1f3fe-200d-1f9b2
bald_man_medium_light_skin_tone	1f468-1f3fc-200d-1f9b2
bald_man_medium_skin_tone	1f468-1f3fd-200d-1f9b2
bald_person	1f9d1-200d-1f9b2
bald_person_dark_skin_tone	1f9d1-1f3ff-200d-1f9b2
bald_person_light_skin_tone	1f9d1-1f3fb-200d-1f9b2
bald_person_medium_dark_skin_tone	1f9d1-1f3fe-200d-1f9b2
bald_person_medium_light_skin_tone	1f9d1-1f3fc-200d-1f9b2
bald_person_medium_skin_tone	1f9d1-1f3fd-200d-1f9b2
bald_woman	1f469-200d-1f9b2
bald_woman_dark_skin_tone	1f469-1f3ff-200d-1f9b2
bald_woman_light_skin_tone	1f469-1f3fb-200d-1f9b2
bald_woman_medium_dark_skin_tone	1f469-1f3fe-200d-1f9b2
bald_woman_medium_light_skin_tone	1f469-1f3fc-200d-1f9b2
bald_woman_medium_skin_tone	1f469-1f3fd-200d-1f9b2
ballet_dancer	1f9d1-200d-1fa70
ballet_dancer_dark_skin_tone	1f9d1-1f3ff-200d-1fa70
ballet_dancer_light_skin_tone	1f9d1-1f3fb-200d-1fa70
ballet_dancer_medium_dark_skin_tone	1f9d1-1f3fe-200d-1fa70
ballet_dancer_medium_light_skin_tone	1f9d1-1f3fc-200d-1fa70
ballet_dancer_medium_skin_tone	1f9d1-1f3fd-200d-1fa70
ballet_shoes	1fa70
balloon	1f388
ballot_box_with_ballot	1f5f3-fe0f
ballot_box_with_check	2611-fe0f
bamboo	1f38d
banana	1f34c
bangbang	203c-fe0f
banjo	1fa95
bank	1f3e6
bar_chart	1f4ca
barber	1f488
barely_sunny	1f325-fe0f
baseball	26be
basket	1f9fa
basketball	1f3c0
bat	1f987
bath	1f6c0
bath_dark_skin_tone	1f6c0-1f3ff
bath_light_skin_tone	1f6c0-1f3fb
bath_medium_dark_skin_tone	1f6c0-1f3fe
bath_medium_light_skin_tone	1f6c0-1f3fc
bath_medium_skin_tone	1f6c0-1f3fd
bathtub	1f6c1
battery	1f50b
beach_with_umbrella	1f3d6-fe0f
beans	1fad8
bear	1f43b
bearded_person	1f9d4
bearded_person_dark_skin_tone	1f9d4-1f3ff
bearded_person_light_skin_tone	1f9d4-1f3fb
bearded_person_medium_dark_skin_tone	1f9d4-1f3fe
bearded_person_medium_light_skin_tone	1f9d4-1f3fc
bearded_person_medium_skin_tone	1f9d4-1f3fd
beaver	1f9ab
bed	1f6cf-fe0f
bee	1f41d
beer	1f37a
beers	1f37b
beetle	1fab2
beginner	1f530
bell	1f514
bell_pepper	1fad1
bellhop_bell	1f6ce-fe0f
bento	1f371
beverage_box	1f9c3
bicyclist	1f6b4
bicyclist_dark_skin_tone	1f6b4-1f3ff
bicyclist_light_skin_tone	1f6b4-1f3fb
bicyclist_medium_dark_skin_tone	1f6b4-1f3fe
bicyclist_medium_light_skin_tone	1f6b4-1f3fc
bicyclist_medium_skin_tone	1f6b4-1f3fd
bike	1f6b2
bikini	1f459
billed_cap	1f9e2
biohazard_sign	2623-fe0f
bird	1f426
birthday	1f382
bison	1f9ac
biting_lip	1fae6
black_bird	1f426-200d-2b1b
black_cat	1f408-200d-2b1b
black_circle	26ab
black_circle_for_record	23fa-fe0f
black_heart	1f5a4
black_joker	1f0cf
black_large_square	2b1b
black_left_pointing_double_triangle_with_vertical_bar	23ee-fe0f
black_medium_small_square	25fe
black_medium_square	25fc-fe0f
black_nib	2712-fe0f
black_right_pointing_double_triangle_with_vertical_bar	23ed-fe0f
black_right_pointing_triangle_with_double_vertical_bar	23ef-fe0f
black_small_square	25aa-fe0f
black_square_button	1f532
black_square_for_stop	23f9-fe0f
blond-haired-man	1f471-200d-2642-fe0f
blond-haired-man_dark_skin_tone	1f471-1f3ff-200d-2642-fe0f
blond-haired-man_light_skin_tone	1f471-1f3fb-200d-2642-fe0f
blond-haired-man_medium_dark_skin_tone	1f471-1f3fe-200d-2642-fe0f
blond-haired-man_medium_light_skin_tone	1f471-1f3fc-200d-2642-fe0f
blond-haired-man_medium_skin_tone	1f471-1f3fd-200d-2642-fe0f
blond-haired-woman	1f471-200d-2640-fe0f
blond-haired-woman_dark_skin_tone	1f471-1f3ff-200d-2640-fe0f
blond-haired-woman_light_skin_tone	1f471-1f3fb-200d-2640-fe0f
blond-haired-woman_medium_dark_skin_tone	1f471-1f3fe-200d-2640-fe0f
blond-haired-woman_medium_light_skin_tone	1f471-1f3fc-200d-2640-fe0f
blond-haired-woman_medium_skin_tone	1f471-1f3fd-200d-2640-fe0f
blossom	1f33c
blowfish	1f421
blue_book	1f4d8
blue_car	1f699
blue_heart	1f499
blueberries	1fad0
blush	1f60a
boar	1f417
boat	26f5
bomb	1f4a3
bone	1f9b4
book	1f4d6
bookmark	1f516
bookmark_tabs	1f4d1
books	1f4da
boom	1f4a5
boomerang	1fa83
boot	1f462
bouquet	1f490
bow	1f647
bow_and_arrow	1f3f9
bow_dark_skin_tone	1f647-1f3ff
bow_light_skin_tone	1f647-1f3fb
bow_medium_dark_skin_tone	1f647-1f3fe
bow_medium_light_skin_tone	1f647-1f3fc
bow_medium_skin_tone	1f647-1f3fd
bowl_with_spoon	1f963
bowling	1f3b3
boxing_glove	1f94a
boy	1f466
boy_dark_skin_tone	1f466-1f3ff
boy_light_skin_tone	1f466-1f3fb
boy_medium_dark_skin_tone	1f466-1f3fe
boy_medium_light_skin_tone	1f466-1f3fc
boy_medium_skin_tone	1f466-1f3fd
brain	1f9e0
bread	1f35e
breast-feeding	1f931
breast-feeding_dark_skin_tone	1f931-1f3ff
breast-feeding_light_skin_tone	1f931-1f3fb
breast-feeding_medium_dark_skin_tone	1f931-1f3fe
breast-feeding_medium_light_skin_tone	1f931-1f3fc
breast-feeding_medium_skin_tone	1f931-1f3fd
bricks	1f9f1
bride_with_veil	1f470
bride_with_veil_dark_skin_tone	1f470-1f3ff
bride_with_veil_light_skin_tone	1f470-1f3fb
bride_with_veil_medium_dark_skin_tone	1f470-1f3fe
bride_with_veil_medium_light_skin_tone	1f470-1f3fc
bride_with_veil_medium_skin_tone	1f470-1f3fd
bridge_at_night	1f309
briefcase	1f4bc
briefs	1fa72
broccoli	1f966
broken_chain	26d3-fe0f-200d-1f4a5
broken_heart	1f494
broom	1f9f9
brown_heart	1f90e
brown_mushroom	1f344-200d-1f7eb
bubble_tea	1f9cb
bubbles	1fae7
bucket	1faa3
bug	1f41b
building_construction	1f3d7-fe0f
bulb	1f4a1
bullettrain_front	1f685
bullettrain_side	1f684
burrito	1f32f
bus	1f68c
busstop	1f68f
bust_in_silhouette	1f464
busts_in_silhouette	1f465
butter	1f9c8
butterfly	1f98b
cactus	1f335
cake	1f370
calendar	1f4c6
call_me_hand	1f919
call_me_hand_dark_skin_tone	1f919-1f3ff
call_me_hand_light_skin_tone	1f919-1f3fb
call_me_hand_medium_dark_skin_tone	1f919-1f3fe
call_me_hand_medium_light_skin_tone	1f919-1f3fc
call_me_hand_medium_skin_tone	1f919-1f3fd
calling	1f4f2
camel	1f42b
camera	1f4f7
camera_with_flash	1f4f8
camping	1f3d5-fe0f
cancer	264b
candle	1f56f-fe0f
candy	1f36c
canned_food	1f96b
canoe	1f6f6
capital_abcd	1f520
capricorn	2651
car	1f697
card_file_box	1f5c3-fe0f
card_index	1f4c7
card_index_dividers	1f5c2-fe0f
carousel_horse	1f3a0
carpentry_saw	1fa9a
carrot	1f955
cat	1f431
cat2	1f408
cd	1f4bf
chains	26d3-fe0f
chair	1fa91
champagne	1f37e
chart	1f4b9
chart_with_downwards_trend	1f4c9
chart_with_upwards_trend	1f4c8
checkered_flag	1f3c1
cheese_wedge	1f9c0
cherries	1f352
cherry_blossom	1f338
chess_pawn	265f-fe0f
chestnut	1f330
chicken	1f414
child	1f9d2
child_dark_skin_tone	1f9d2-1f3ff
child_light_skin_tone	1f9d2-1f3fb
child_medium_dark_skin_tone	1f9d2-1f3fe
child_medium_light_skin_tone	1f9d2-1f3fc
child_medium_skin_tone	1f9d2-1f3fd
children_crossing	1f6b8
chipmunk	1f43f-fe0f
chocolate_bar	1f36b
chopsticks	1f962
christmas_tree	1f384
church	26ea
cinema	1f3a6
circus_tent	1f3aa
city_sunrise	1f307
city_sunset	1f306
cityscape	1f3d9-fe0f
cl	1f191
clap	1f44f
clap_dark_skin_tone	1f44f-1f3ff
clap_light_skin_tone	1f44f-1f3fb
clap_medium_dark_skin_tone	1f44f-1f3fe
clap_medium_light_skin_tone	1f44f-1f3fc
clap_medium_skin_tone	1f44f-1f3fd
clapper	1f3ac
classical_building	1f3db-fe0f
clinking_glasses	1f942
clipboard	1f4cb
clock1	1f550
clock10	1f559
clock1030	1f565
clock11	1f55a
clock1130	1f566
clock12	1f55b
clock1230	1f567
clock130	1f55c
clock2	1f551
clock230	1f55d
clock3	1f552
clock330	1f55e
clock4	1f553
clock430	1f55f
clock5	1f554
clock530	1f560
clock6	1f555
clock630	1f561
clock7	1f556
clock730	1f562
clock8	1f557
clock830	1f563
clock9	1f558
clock930	1f564
closed_book	1f4d5
closed_lock_with_key	1f510
closed_umbrella	1f302
cloud	2601-fe0f
clown_face	1f921
clubs	2663-fe0f
cn	1f1e8-1f1f3
coat	1f9e5
cockroach	1fab3
cocktail	1f378
coconut	1f965
coffee	2615
coffin	26b0-fe0f
coin	1fa99
cold_face	1f976
cold_sweat	1f630
collision	1f4a5
comet	2604-fe0f
compass	1f9ed
compression	1f5dc-fe0f
computer	1f4bb
confetti_ball	1f38a
confounded	1f616
confused	1f615
congratulations	3297-fe0f
construction	1f6a7
construction_worker	1f477
construction_worker_dark_skin_tone	1f477-1f3ff
construction_worker_light_skin_tone	1f477-1f3fb
construction_worker_medium_dark_skin_tone	1f477-1f3fe
construction_worker_medium_light_skin_tone	1f477-1f3fc
construction_worker_medium_skin_tone	1f477-1f3fd
control_knobs	1f39b-fe0f
convenience_store	1f3ea
cook	1f9d1-200d-1f373
cook_dark_skin_tone	1f9d1-1f3ff-200d-1f373
cook_light_skin_tone	1f9d1-1f3fb-200d-1f373
cook_medium_dark_skin_tone	1f9d1-1f3fe-200d-1f373
cook_medium_light_skin_tone	1f9d1-1f3fc-200d-1f373
cook_medium_skin_tone	1f9d1-1f3fd-200d-1f373
cookie	1f36a
cooking	1f373
cool	1f192
cop	1f46e
cop_dark_skin_tone	1f46e-1f3ff
cop_light_skin_tone	1f46e-1f3fb
cop_medium_dark_skin_tone	1f46e-1f3fe
cop_medium_light_skin_tone	1f46e-1f3fc
cop_medium_skin_tone	1f46e-1f3fd
copyright	00a9-fe0f
coral	1fab8
corn	1f33d
couch_and_lamp	1f6cb-fe0f
couple	1f46b
couple_dark_skin_tone	1f46b-1f3ff
couple_light_skin_tone	1f46b-1f3fb
couple_medium_dark_skin_tone	1f46b-1f3fe
couple_medium_light_skin_tone	1f46b-1f3fc
couple_medium_skin_tone	1f46b-1f3fd
couple_with_heart	1f491
couple_with_heart_dark_skin_tone	1f491-1f3ff
couple_with_heart_light_skin_tone	1f491-1f3fb
couple_with_heart_medium_dark_skin_tone	1f491-1f3fe
couple_with_heart_medium_light_skin_tone	1f491-1f3fc
couple_with_heart_medium_skin_tone	1f491-1f3fd
couplekiss	1f48f
couplekiss_dark_skin_tone	1f48f-1f3ff
couplekiss_light_skin_tone	1f48f-1f3fb
couplekiss_medium_dark_skin_tone	1f48f-1f3fe
couplekiss_medium_light_skin_tone	1f48f-1f3fc
couplekiss_medium_skin_tone	1f48f-1f3fd
cow	1f42e
cow2	1f404
crab	1f980
credit_card	1f4b3
crescent_moon	1f319
cricket	1f997
cricket_bat_and_ball	1f3cf
crocodile	1f40a
croissant	1f950
crossed_fingers	1f91e
crossed_fingers_dark_skin_tone	1f91e-1f3ff
crossed_fingers_light_skin_tone	1f91e-1f3fb
crossed_fingers_medium_dark_skin_tone	1f91e-1f3fe
crossed_fingers_medium_light_skin_tone	1f91e-1f3fc
crossed_fingers_medium_skin_tone	1f91e-1f3fd
crossed_flags	1f38c
crossed_swords	2694-fe0f
crown	1f451
crutch	1fa7c
cry	1f622
crying_cat_face	1f63f
crystal_ball	1f52e
cucumber	1f952
cup_with_straw	1f964
cupcake	1f9c1
cupid	1f498
curling_stone	1f94c
curly_haired_man	1f468-200d-1f9b1
curly_haired_man_dark_skin_tone	1f468-1f3ff-200d-1f9b1
curly_haired_man_light_skin_tone	1f468-1f3fb-200d-1f9b1
curly_haired_man_medium_dark_skin_tone	1f468-1f3fe-200d-1f9b1
curly_haired_man_medium_light_skin_tone	1f468-1f3fc-200d-1f9b1
curly_haired_man_medium_skin_tone	1f468-1f3fd-200d-1f9b1
curly_haired_person	1f9d1-200d-1f9b1
curly_haired_person_dark_skin_tone	1f9d1-1f3ff-200d-1f9b1
curly_haired_person_light_skin_tone	1f9d1-1f3fb-200d-1f9b1
curly_haired_person_medium_dark_skin_tone	1f9d1-1f3fe-200d-1f9b1
curly_haired_person_medium_light_skin_tone	1f9d1-1f3fc-200d-1f9b1
curly_haired_person_medium_skin_tone	1f9d1-1f3fd-200d-1f9b1
curly_haired_woman	1f469-200d-1f9b1
curly_haired_woman_dark_skin_tone	1f469-1f3ff-200d-1f9b1
curly_haired_woman_light_skin_tone	1f469-1f3fb-200d-1f9b1
curly_haired_woman_medium_dark_skin_tone	1f469-1f3fe-200d-1f9b1
curly_haired_woman_medium_light_skin_tone	1f469-1f3fc-200d-1f9b1
curly_haired_woman_medium_skin_tone	1f469-1f3fd-200d-1f9b1
curly_loop	27b0
currency_exchange	1f4b1
curry	1f35b
custard	1f36e
customs	1f6c3
cut_of_meat	1f969
cyclone	1f300
dagger_knife	1f5e1-fe0f
dancer	1f483
dancer_dark_skin_tone	1f483-1f3ff
dancer_light_skin_tone	1f483-1f3fb
dancer_medium_dark_skin_tone	1f483-1f3fe
dancer_medium_light_skin_tone	1f483-1f3fc
dancer_medium_skin_tone	1f483-1f3fd
dancers	1f46f
dancers_dark_skin_tone	1f46f-1f3ff
dancers_light_skin_tone	1f46f-1f3fb
dancers_medium_dark_skin_tone	1f46f-1f3fe
dancers_medium_light_skin_tone	1f46f-1f3fc
dancers_medium_skin_tone	1f46f-1f3fd
dango	1f361
dark_sunglasses	1f576-fe0f
dart	1f3af
dash	1f4a8
date	1f4c5
de	1f1e9-1f1ea
deaf_man	1f9cf-200d-2642-fe0f
deaf_man_dark_skin_tone	1f9cf-1f3ff-200d-2642-fe0f
deaf_man_light_skin_tone	1f9cf-1f3fb-200d-2642-fe0f
deaf_man_medium_dark_skin_tone	1f9cf-1f3fe-200d-2642-fe0f
deaf_man_medium_light_skin_tone	1f9cf-1f3fc-200d-2642-fe0f
deaf_man_medium_skin_tone	1f9cf-1f3fd-200d-2642-fe0f
deaf_person	1f9cf
deaf_person_dark_skin_tone	1f9cf-1f3ff
deaf_person_light_skin_tone	1f9cf-1f3fb
deaf_person_medium_dark_skin_tone	1f9cf-1f3fe
deaf_person_medium_light_skin_tone	1f9cf-1f3fc
deaf_person_medium_skin_tone	1f9cf-1f3fd
deaf_woman	1f9cf-200d-2640-fe0f
deaf_woman_dark_skin_tone	1f9cf-1f3ff-200d-2640-fe0f
deaf_woman_light_skin_tone	1f9cf-1f3fb-200d-2640-fe0f
deaf_woman_medium_dark_skin_tone	1f9cf-1f3fe-200d-2640-fe0f
deaf_woman_medium_light_skin_tone	1f9cf-1f3fc-200d-2640-fe0f
deaf_woman_medium_skin_tone	1f9cf-1f3fd-200d-2640-fe0f
deciduous_tree	1f333
deer	1f98c
department_store	1f3ec
derelict_house_building	1f3da-fe0f
desert	1f3dc-fe0f
desert_island	1f3dd-fe0f
desktop_computer	1f5a5-fe0f
diamond_shape_with_a_dot_inside	1f4a0
diamonds	2666-fe0f
disappointed	1f61e
disappointed_relieved	1f625
disguised_face	1f978
distorted_face	1faea
diving_mask	1f93f
diya_lamp	1fa94
dizzy	1f4ab
dizzy_face	1f635
dna	1f9ec
do_not_litter	1f6af
dodo	1f9a4
dog	1f436
dog2	1f415
dollar	1f4b5
dolls	1f38e
dolphin	1f42c
donkey	1facf
door	1f6aa
dotted_line_face	1fae5
double_vertical_bar	23f8-fe0f
doughnut	1f369
dove_of_peace	1f54a-fe0f
dragon	1f409
dragon_face	1f432
dress	1f457
dromedary_camel	1f42a
drooling_face	1f924
drop_of_blood	1fa78
droplet	1f4a7
drum_with_drumsticks	1f941
duck	1f986
dumpling	1f95f
dvd	1f4c0
e-mail	1f4e7
eagle	1f985
ear	1f442
ear_dark_skin_tone	1f442-1f3ff
ear_light_skin_tone	1f442-1f3fb
ear_medium_dark_skin_tone	1f442-1f3fe
ear_medium_light_skin_tone	1f442-1f3fc
ear_medium_skin_tone	1f442-1f3fd
ear_of_rice	1f33e
ear_with_hearing_aid	1f9bb
ear_with_hearing_aid_dark_skin_tone	1f9bb-1f3ff
ear_with_hearing_aid_light_skin_tone	1f9bb-1f3fb
ear_with_hearing_aid_medium_dark_skin_tone	1f9bb-1f3fe
ear_with_hearing_aid_medium_light_skin_tone	1f9bb-1f3fc
ear_with_hearing_aid_medium_skin_tone	1f9bb-1f3fd
earth_africa	1f30d
earth_americas	1f30e
earth_asia	1f30f
egg	1f95a
eggplant	1f346
eight	0038-fe0f-20e3
eight_pointed_black_star	2734-fe0f
eight_spoked_asterisk	2733-fe0f
eject	23cf-fe0f
electric_plug	1f50c
elephant	1f418
elevator	1f6d7
elf	1f9dd
elf_dark_skin_tone	1f9dd-1f3ff
elf_light_skin_tone	1f9dd-1f3fb
elf_medium_dark_skin_tone	1f9dd-1f3fe
elf_medium_light_skin_tone	1f9dd-1f3fc
elf_medium_skin_tone	1f9dd-1f3fd
email	2709-fe0f
empty_nest	1fab9
end	1f51a
envelope	2709-fe0f
envelope_with_arrow	1f4e9
es	1f1ea-1f1f8
euro	1f4b6
european_castle	1f3f0
european_post_office	1f3e4
evergreen_tree	1f332
exclamation	2757
exploding_head	1f92f
expressionless	1f611
eye	1f441-fe0f
eye-in-speech-bubble	1f441-fe0f-200d-1f5e8-fe0f
eyeglasses	1f453
eyes	1f440
face_exhaling	1f62e-200d-1f4a8
face_holding_back_tears	1f979
face_in_clouds	1f636-200d-1f32b-fe0f
face_palm	1f926
face_palm_dark_skin_tone	1f926-1f3ff
face_palm_light_skin_tone	1f926-1f3fb
face_palm_medium_dark_skin_tone	1f926-1f3fe
face_palm_medium_light_skin_tone	1f926-1f3fc
face_palm_medium_skin_tone	1f926-1f3fd
face_vomiting	1f92e
face_with_bags_under_eyes	1fae9
face_with_cowboy_hat	1f920
face_with_diagonal_mouth	1fae4
face_with_finger_covering_closed_lips	1f92b
face_with_hand_over_mouth	1f92d
face_with_head_bandage	1f915
face_with_monocle	1f9d0
face_with_one_eyebrow_raised	1f928
face_with_open_eyes_and_hand_over_mouth	1fae2
face_with_open_mouth_vomiting	1f92e
face_with_peeking_eye	1fae3
face_with_raised_eyebrow	1f928
face_with_rolling_eyes	1f644
face_with_spiral_eyes	1f635-200d-1f4ab
face_with_symbols_on_mouth	1f92c
face_with_thermometer	1f912
facepunch	1f44a
facepunch_dark_skin_tone	1f44a-1f3ff
facepunch_light_skin_tone	1f44a-1f3fb
facepunch_medium_dark_skin_tone	1f44a-1f3fe
facepunch_medium_light_skin_tone	1f44a-1f3fc
facepunch_medium_skin_tone	1f44a-1f3fd
factory	1f3ed
factory_worker	1f9d1-200d-1f3ed
factory_worker_dark_skin_tone	1f9d1-1f3ff-200d-1f3ed
factory_worker_light_skin_tone	1f9d1-1f3fb-200d-1f3ed
factory_worker_medium_dark_skin_tone	1f9d1-1f3fe-200d-1f3ed
factory_worker_medium_light_skin_tone	1f9d1-1f3fc-200d-1f3ed
factory_worker_medium_skin_tone	1f9d1-1f3fd-200d-1f3ed
fairy	1f9da
fairy_dark_skin_tone	1f9da-1f3ff
fairy_light_skin_tone	1f9da-1f3fb
fairy_medium_dark_skin_tone	1f9da-1f3fe
fairy_medium_light_skin_tone	1f9da-1f3fc
fairy_medium_skin_tone	1f9da-1f3fd
falafel	1f9c6
fallen_leaf	1f342
family	1f46a
family_adult_adult_child	1f9d1-200d-1f9d1-200d-1f9d2
family_adult_adult_child_child	1f9d1-200d-1f9d1-200d-1f9d2-200d-1f9d2
family_adult_child	1f9d1-200d-1f9d2
family_adult_child_child	1f9d1-200d-1f9d2-200d-1f9d2
farmer	1f9d1-200d-1f33e
farmer_dark_skin_tone	1f9d1-1f3ff-200d-1f33e
farmer_light_skin_tone	1f9d1-1f3fb-200d-1f33e
farmer_medium_dark_skin_tone	1f9d1-1f3fe-200d-1f33e
farmer_medium_light_skin_tone	1f9d1-1f3fc-200d-1f33e
farmer_medium_skin_tone	1f9d1-1f3fd-200d-1f33e
fast_forward	23e9
fax	1f4e0
fearful	1f628
feather	1fab6
feet	1f43e
female-artist	1f469-200d-1f3a8
female-artist_dark_skin_tone	1f469-1f3ff-200d-1f3a8
female-artist_light_skin_tone	1f469-1f3fb-200d-1f3a8
female-artist_medium_dark_skin_tone	1f469-1f3fe-200d-1f3a8
female-artist_medium_light_skin_tone	1f469-1f3fc-200d-1f3a8
female-artist_medium_skin_tone	1f469-1f3fd-200d-1f3a8
female-astronaut	1f469-200d-1f680
female-astronaut_dark_skin_tone	1f469-1f3ff-200d-1f680
female-astronaut_light_skin_tone	1f469-1f3fb-200d-1f680
female-astronaut_medium_dark_skin_tone	1f469-1f3fe-200d-1f680
female-astronaut_medium_light_skin_tone	1f469-1f3fc-200d-1f680
female-astronaut_medium_skin_tone	1f469-1f3fd-200d-1f680
female-construction-worker	1f477-200d-2640-fe0f
female-construction-worker_dark_skin_tone	1f477-1f3ff-200d-2640-fe0f
female-construction-worker_light_skin_tone	1f477-1f3fb-200d-2640-fe0f
female-construction-worker_medium_dark_skin_tone	1f477-1f3fe-200d-2640-fe0f
female-construction-worker_medium_light_skin_tone	1f477-1f3fc-200d-2640-fe0f
female-construction-worker_medium_skin_tone	1f477-1f3fd-200d-2640-fe0f
female-cook	1f469-200d-1f373
female-cook_dark_skin_tone	1f469-1f3ff-200d-1f373
female-cook_light_skin_tone	1f469-1f3fb-200d-1f373
female-cook_medium_dark_skin_tone	1f469-1f3fe-200d-1f373
female-cook_medium_light_skin_tone	1f469-1f3fc-200d-1f373
female-cook_medium_skin_tone	1f469-1f3fd-200d-1f373
female-detective	1f575-fe0f-200d-2640-fe0f
female-detective_dark_skin_tone	1f575-1f3ff-200d-2640-fe0f
female-detective_light_skin_tone	1f575-1f3fb-200d-2640-fe0f
female-detective_medium_dark_skin_tone	1f575-1f3fe-200d-2640-fe0f
female-detective_medium_light_skin_tone	1f575-1f3fc-200d-2640-fe0f
female-detective_medium_skin_tone	1f575-1f3fd-200d-2640-fe0f
female-doctor	1f469-200d-2695-fe0f
female-doctor_dark_skin_tone	1f469-1f3ff-200d-2695-fe0f
female-doctor_light_skin_tone	1f469-1f3fb-200d-2695-fe0f
female-doctor_medium_dark_skin_tone	1f469-1f3fe-200d-2695-fe0f
female-doctor_medium_light_skin_tone	1f469-1f3fc-200d-2695-fe0f
female-doctor_medium_skin_tone	1f469-1f3fd-200d-2695-fe0f
female-factory-worker	1f469-200d-1f3ed
female-factory-worker_dark_skin_tone	1f469-1f3ff-200d-1f3ed
female-factory-worker_light_skin_tone	1f469-1f3fb-200d-1f3ed
female-factory-worker_medium_dark_skin_tone	1f469-1f3fe-200d-1f3ed
female-factory-worker_medium_light_skin_tone	1f469-1f3fc-200d-1f3ed
female-factory-worker_medium_skin_tone	1f469-1f3fd-200d-1f3ed
female-farmer	1f469-200d-1f33e
female-farmer_dark_skin_tone	1f469-1f3ff-200d-1f33e
female-farmer_light_skin_tone	1f469-1f3fb-200d-1f33e
female-farmer_medium_dark_skin_tone	1f469-1f3fe-200d-1f33e
female-farmer_medium_light_skin_tone	1f469-1f3fc-200d-1f33e
female-farmer_medium_skin_tone	1f469-1f3fd-200d-1f33e
female-firefighter	1f469-200d-1f692
female-firefighter_dark_skin_tone	1f469-1f3ff-200d-1f692
female-firefighter_light_skin_tone	1f469-1f3fb-200d-1f692
female-firefighter_medium_dark_skin_tone	1f469-1f3fe-200d-1f692
female-firefighter_medium_light_skin_tone	1f469-1f3fc-200d-1f692
female-firefighter_medium_skin_tone	1f469-1f3fd-200d-1f692
female-guard	1f482-200d-2640-fe0f
female-guard_dark_skin_tone	1f482-1f3ff-200d-2640-fe0f
female-guard_light_skin_tone	1f482-1f3fb-200d-2640-fe0f
female-guard_medium_dark_skin_tone	1f482-1f3fe-200d-2640-fe0f
female-guard_medium_light_skin_tone	1f482-1f3fc-200d-2640-fe0f
female-guard_medium_skin_tone	1f482-1f3fd-200d-2640-fe0f
female-judge	1f469-200d-2696-fe0f
female-judge_dark_skin_tone	1f469-1f3ff-200d-2696-fe0f
female-judge_light_skin_tone	1f469-1f3fb-200d-2696-fe0f
female-judge_medium_dark_skin_tone	1f469-1f3fe-200d-2696-fe0f
female-judge_medium_light_skin_tone	1f469-1f3fc-200d-2696-fe0f
female-judge_medium_skin_tone	1f469-1f3fd-200d-2696-fe0f
female-mechanic	1f469-200d-1f527
female-mechanic_dark_skin_tone	1f469-1f3ff-200d-1f527
female-mechanic_light_skin_tone	1f469-1f3fb-200d-1f527
female-mechanic_medium_dark_skin_tone	1f469-1f3fe-200d-1f527
female-mechanic_medium_light_skin_tone	1f469-1f3fc-200d-1f527
female-mechanic_medium_skin_tone	1f469-1f3fd-200d-1f527
female-office-worker	1f469-200d-1f4bc
female-office-worker_dark_skin_tone	1f469-1f3ff-200d-1f4bc
female-office-worker_light_skin_tone	1f469-1f3fb-200d-1f4bc
female-office-worker_medium_dark_skin_tone	1f469-1f3fe-200d-1f4bc
female-office-worker_medium_light_skin_tone	1f469-1f3fc-200d-1f4bc
female-office-worker_medium_skin_tone	1f469-1f3fd-200d-1f4bc
female-pilot	1f469-200d-2708-fe0f
female-pilot_dark_skin_tone	1f469-1f3ff-200d-2708-fe0f
female-pilot_light_skin_tone	1f469-1f3fb-200d-2708-fe0f
female-pilot_medium_dark_skin_tone	1f469-1f3fe-200d-2708-fe0f
female-pilot_medium_light_skin_tone	1f469-1f3fc-200d-2708-fe0f
female-pilot_medium_skin_tone	1f469-1f3fd-200d-2708-fe0f
female-police-officer	1f46e-200d-2640-fe0f
female-police-officer_dark_skin_tone	1f46e-1f3ff-200d-2640-fe0f
female-police-officer_light_skin_tone	1f46e-1f3fb-200d-2640-fe0f
female-police-officer_medium_dark_skin_tone	1f46e-1f3fe-200d-2640-fe0f
female-police-officer_medium_light_skin_tone	1f46e-1f3fc-200d-2640-fe0f
female-police-officer_medium_skin_tone	1f46e-1f3fd-200d-2640-fe0f
female-scientist	1f469-200d-1f52c
female-scientist_dark_skin_tone	1f469-1f3ff-200d-1f52c
female-scientist_light_skin_tone	1f469-1f3fb-200d-1f52c
female-scientist_medium_dark_skin_tone	1f469-1f3fe-200d-1f52c
female-scientist_medium_light_skin_tone	1f469-1f3fc-200d-1f52c
female-scientist_medium_skin_tone	1f469-1f3fd-200d-1f52c
female-singer	1f469-200d-1f3a4
female-singer_dark_skin_tone	1f469-1f3ff-200d-1f3a4
female-singer_light_skin_tone	1f469-1f3fb-200d-1f3a4
female-singer_medium_dark_skin_tone	1f469-1f3fe-200d-1f3a4
female-singer_medium_light_skin_tone	1f469-1f3fc-200d-1f3a4
female-singer_medium_skin_tone	1f469-1f3fd-200d-1f3a4
female-student	1f469-200d-1f393
female-student_dark_skin_tone	1f469-1f3ff-200d-1f393
female-student_light_skin_tone	1f469-1f3fb-200d-1f393
female-student_medium_dark_skin_tone	1f469-1f3fe-200d-1f393
female-student_medium_light_skin_tone	1f469-1f3fc-200d-1f393
female-student_medium_skin_tone	1f469-1f3fd-200d-1f393
female-teacher	1f469-200d-1f3eb
female-teacher_dark_skin_tone	1f469-1f3ff-200d-1f3eb
female-teacher_light_skin_tone	1f469-1f3fb-200d-1f3eb
female-teacher_medium_dark_skin_tone	1f469-1f3fe-200d-1f3eb
female-teacher_medium_light_skin_tone	1f469-1f3fc-200d-1f3eb
female-teacher_medium_skin_tone	1f469-1f3fd-200d-1f3eb
female-technologist	1f469-200d-1f4bb
female-technologist_dark_skin_tone	1f469-1f3ff-200d-1f4bb
female-technologist_light_skin_tone	1f469-1f3fb-200d-1f4bb
female-technologist_medium_dark_skin_tone	1f469-1f3fe-200d-1f4bb
female-technologist_medium_light_skin_tone	1f469-1f3fc-200d-1f4bb
female-technologist_medium_skin_tone	1f469-1f3fd-200d-1f4bb
female_elf	1f9dd-200d-2640-fe0f
female_elf_dark_skin_tone	1f9dd-1f3ff-200d-2640-fe0f
female_elf_light_skin_tone	1f9dd-1f3fb-200d-2640-fe0f
female_elf_medium_dark_skin_tone	1f9dd-1f3fe-200d-2640-fe0f
female_elf_medium_light_skin_tone	1f9dd-1f3fc-200d-2640-fe0f
female_elf_medium_skin_tone	1f9dd-1f3fd-200d-2640-fe0f
female_fairy	1f9da-200d-2640-fe0f
female_fairy_dark_skin_tone	1f9da-1f3ff-200d-2640-fe0f
female_fairy_light_skin_tone	1f9da-1f3fb-200d-2640-fe0f
female_fairy_medium_dark_skin_tone	1f9da-1f3fe-200d-2640-fe0f
female_fairy_medium_light_skin_tone	1f9da-1f3fc-200d-2640-fe0f
female_fairy_medium_skin_tone	1f9da-1f3fd-200d-2640-fe0f
female_genie	1f9de-200d-2640-fe0f
female_mage	1f9d9-200d-2640-fe0f
female_mage_dark_skin_tone	1f9d9-1f3ff-200d-2640-fe0f
female_mage_light_skin_tone	1f9d9-1f3fb-200d-2640-fe0f
female_mage_medium_dark_skin_tone	1f9d9-1f3fe-200d-2640-fe0f
female_mage_medium_light_skin_tone	1f9d9-1f3fc-200d-2640-fe0f
female_mage_medium_skin_tone	1f9d9-1f3fd-200d-2640-fe0f
female_sign	2640-fe0f
female_superhero	1f9b8-200d-2640-fe0f
female_superhero_dark_skin_tone	1f9b8-1f3ff-200d-2640-fe0f
female_superhero_light_skin_tone	1f9b8-1f3fb-200d-2640-fe0f
female_superhero_medium_dark_skin_tone	1f9b8-1f3fe-200d-2640-fe0f
female_superhero_medium_light_skin_tone	1f9b8-1f3fc-200d-2640-fe0f
female_superhero_medium_skin_tone	1f9b8-1f3fd-200d-2640-fe0f
female_supervillain	1f9b9-200d-2640-fe0f
female_supervillain_dark_skin_tone	1f9b9-1f3ff-200d-2640-fe0f
female_supervillain_light_skin_tone	1f9b9-1f3fb-200d-2640-fe0f
female_supervillain_medium_dark_skin_tone	1f9b9-1f3fe-200d-2640-fe0f
female_supervillain_medium_light_skin_tone	1f9b9-1f3fc-200d-2640-fe0f
female_supervillain_medium_skin_tone	1f9b9-1f3fd-200d-2640-fe0f
female_vampire	1f9db-200d-2640-fe0f
female_vampire_dark_skin_tone	1f9db-1f3ff-200d-2640-fe0f
female_vampire_light_skin_tone	1f9db-1f3fb-200d-2640-fe0f
female_vampire_medium_dark_skin_tone	1f9db-1f3fe-200d-2640-fe0f
female_vampire_medium_light_skin_tone	1f9db-1f3fc-200d-2640-fe0f
female_vampire_medium_skin_tone	1f9db-1f3fd-200d-2640-fe0f
female_zombie	1f9df-200d-2640-fe0f
fencer	1f93a
ferris_wheel	1f3a1
ferry	26f4-fe0f
field_hockey_stick_and_ball	1f3d1
fight_cloud	1faef
file_cabinet	1f5c4-fe0f
file_folder	1f4c1
film_frames	1f39e-fe0f
film_projector	1f4fd-fe0f
fingerprint	1fac6
fire	1f525
fire_engine	1f692
fire_extinguisher	1f9ef
firecracker	1f9e8
firefighter	1f9d1-200d-1f692
firefighter_dark_skin_tone	1f9d1-1f3ff-200d-1f692
firefighter_light_skin_tone	1f9d1-1f3fb-200d-1f692
firefighter_medium_dark_skin_tone	1f9d1-1f3fe-200d-1f692
firefighter_medium_light_skin_tone	1f9d1-1f3fc-200d-1f692
firefighter_medium_skin_tone	1f9d1-1f3fd-200d-1f692
fireworks	1f386
first_place_medal	1f947
first_quarter_moon	1f313
first_quarter_moon_with_face	1f31b
fish	1f41f
fish_cake	1f365
fishing_pole_and_fish	1f3a3
fist	270a
fist_dark_skin_tone	270a-1f3ff
fist_light_skin_tone	270a-1f3fb
fist_medium_dark_skin_tone	270a-1f3fe
fist_medium_light_skin_tone	270a-1f3fc
fist_medium_skin_tone	270a-1f3fd
five	0035-fe0f-20e3
flag-ac	1f1e6-1f1e8
flag-ad	1f1e6-1f1e9
flag-ae	1f1e6-1f1ea
flag-af	1f1e6-1f1eb
flag-ag	1f1e6-1f1ec
flag-ai	1f1e6-1f1ee
flag-al	1f1e6-1f1f1
flag-am	1f1e6-1f1f2
flag-ao	1f1e6-1f1f4
flag-aq	1f1e6-1f1f6
flag-ar	1f1e6-1f1f7
flag-as	1f1e6-1f1f8
flag-at	1f1e6-1f1f9
flag-au	1f1e6-1f1fa
flag-aw	1f1e6-1f1fc
flag-ax	1f1e6-1f1fd
flag-az	1f1e6-1f1ff
flag-ba	1f1e7-1f1e6
flag-bb	1f1e7-1f1e7
flag-bd	1f1e7-1f1e9
flag-be	1f1e7-1f1ea
flag-bf	1f1e7-1f1eb
flag-bg	1f1e7-1f1ec
flag-bh	1f1e7-1f1ed
flag-bi	1f1e7-1f1ee
flag-bj	1f1e7-1f1ef
flag-bl	1f1e7-1f1f1
flag-bm	1f1e7-1f1f2
flag-bn	1f1e7-1f1f3
flag-bo	1f1e7-1f1f4
flag-bq	1f1e7-1f1f6
flag-br	1f1e7-1f1f7
flag-bs	1f1e7-1f1f8
flag-bt	1f1e7-1f1f9
flag-bv	1f1e7-1f1fb
flag-bw	1f1e7-1f1fc
flag-by	1f1e7-1f1fe
flag-bz	1f1e7-1f1ff
flag-ca	1f1e8-1f1e6
flag-cc	1f1e8-1f1e8
flag-cd	1f1e8-1f1e9
flag-cf	1f1e8-1f1eb
flag-cg	1f1e8-1f1ec
flag-ch	1f1e8-1f1ed
flag-ci	1f1e8-1f1ee
flag-ck	1f1e8-1f1f0
flag-cl	1f1e8-1f1f1
flag-cm	1f1e8-1f1f2
flag-cn	1f1e8-1f1f3
flag-co	1f1e8-1f1f4
flag-cp	1f1e8-1f1f5
flag-cr	1f1e8-1f1f7
flag-cu	1f1e8-1f1fa
flag-cv	1f1e8-1f1fb
flag-cw	1f1e8-1f1fc
flag-cx	1f1e8-1f1fd
flag-cy	1f1e8-1f1fe
flag-cz	1f1e8-1f1ff
flag-de	1f1e9-1f1ea
flag-dg	1f1e9-1f1ec
flag-dj	1f1e9-1f1ef
flag-dk	1f1e9-1f1f0
flag-dm	1f1e9-1f1f2
flag-do	1f1e9-1f1f4
flag-dz	1f1e9-1f1ff
flag-ea	1f1ea-1f1e6
flag-ec	1f1ea-1f1e8
flag-ee	1f1ea-1f1ea
flag-eg	1f1ea-1f1ec
flag-eh	1f1ea-1f1ed
flag-england	1f3f4-e0067-e0062-e0065-e006e-e0067-e007f
flag-er	1f1ea-1f1f7
flag-es	1f1ea-1f1f8
flag-et	1f1ea-1f1f9
flag-eu	1f1ea-1f1fa
flag-fi	1f1eb-1f1ee
flag-fj	1f1eb-1f1ef
flag-fk	1f1eb-1f1f0
flag-fm	1f1eb-1f1f2
flag-fo	1f1eb-1f1f4
flag-fr	1f1eb-1f1f7
flag-ga	1f1ec-1f1e6
flag-gb	1f1ec-1f1e7
flag-gd	1f1ec-1f1e9
flag-ge	1f1ec-1f1ea
flag-gf	1f1ec-1f1eb
flag-gg	1f1ec-1f1ec
flag-gh	1f1ec-1f1ed
flag-gi	1f1ec-1f1ee
flag-gl	1f1ec-1f1f1
flag-gm	1f1ec-1f1f2
flag-gn	1f1ec-1f1f3
flag-gp	1f1ec-1f1f5
flag-gq	1f1ec-1f1f6
flag-gr	1f1ec-1f1f7
flag-gs	1f1ec-1f1f8
flag-gt	1f1ec-1f1f9
flag-gu	1f1ec-1f1fa
flag-gw	1f1ec-1f1fc
flag-gy	1f1ec-1f1fe
flag-hk	1f1ed-1f1f0
flag-hm	1f1ed-1f1f2
flag-hn	1f1ed-1f1f3
flag-hr	1f1ed-1f1f7
flag-ht	1f1ed-1f1f9
flag-hu	1f1ed-1f1fa
flag-ic	1f1ee-1f1e8
flag-id	1f1ee-1f1e9
flag-ie	1f1ee-1f1ea
flag-il	1f1ee-1f1f1
flag-im	1f1ee-1f1f2
flag-in	1f1ee-1f1f3
flag-io	1f1ee-1f1f4
flag-iq	1f1ee-1f1f6
flag-ir	1f1ee-1f1f7
flag-is	1f1ee-1f1f8
flag-it	1f1ee-1f1f9
flag-je	1f1ef-1f1ea
flag-jm	1f1ef-1f1f2
flag-jo	1f1ef-1f1f4
flag-jp	1f1ef-1f1f5
flag-ke	1f1f0-1f1ea
flag-kg	1f1f0-1f1ec
flag-kh	1f1f0-1f1ed
flag-ki	1f1f0-1f1ee
flag-km	1f1f0-1f1f2
flag-kn	1f1f0-1f1f3
flag-kp	1f1f0-1f1f5
flag-kr	1f1f0-1f1f7
flag-kw	1f1f0-1f1fc
flag-ky	1f1f0-1f1fe
flag-kz	1f1f0-1f1ff
flag-la	1f1f1-1f1e6
flag-lb	1f1f1-1f1e7
flag-lc	1f1f1-1f1e8
flag-li	1f1f1-1f1ee
flag-lk	1f1f1-1f1f0
flag-lr	1f1f1-1f1f7
flag-ls	1f1f1-1f1f8
flag-lt	1f1f1-1f1f9
flag-lu	1f1f1-1f1fa
flag-lv	1f1f1-1f1fb
flag-ly	1f1f1-1f1fe
flag-ma	1f1f2-1f1e6
flag-mc	1f1f2-1f1e8
flag-md	1f1f2-1f1e9
flag-me	1f1f2-1f1ea
flag-mf	1f1f2-1f1eb
flag-mg	1f1f2-1f1ec
flag-mh	1f1f2-1f1ed
flag-mk	1f1f2-1f1f0
flag-ml	1f1f2-1f1f1
flag-mm	1f1f2-1f1f2
flag-mn	1f1f2-1f1f3
flag-mo	1f1f2-1f1f4
flag-mp	1f1f2-1f1f5
flag-mq	1f1f2-1f1f6
flag-mr	1f1f2-1f1f7
flag-ms	1f1f2-1f1f8
flag-mt	1f1f2-1f1f9
flag-mu	1f1f2-1f1fa
flag-mv	1f1f2-1f1fb
flag-mw	1f1f2-1f1fc
flag-mx	1f1f2-1f1fd
flag-my	1f1f2-1f1fe
flag-mz	1f1f2-1f1ff
flag-na	1f1f3-1f1e6
flag-nc	1f1f3-1f1e8
flag-ne	1f1f3-1f1ea
flag-nf	1f1f3-1f1eb
flag-ng	1f1f3-1f1ec
flag-ni	1f1f3-1f1ee
flag-nl	1f1f3-1f1f1
flag-no	1f1f3-1f1f4
flag-np	1f1f3-1f1f5
flag-nr	1f1f3-1f1f7
flag-nu	1f1f3-1f1fa
flag-nz	1f1f3-1f1ff
flag-om	1f1f4-1f1f2
flag-pa	1f1f5-1f1e6
flag-pe	1f1f5-1f1ea
flag-pf	1f1f5-1f1eb
flag-pg	1f1f5-1f1ec
flag-ph	1f1f5-1f1ed
flag-pk	1f1f5-1f1f0
flag-pl	1f1f5-1f1f1
flag-pm	1f1f5-1f1f2
flag-pn	1f1f5-1f1f3
flag-pr	1f1f5-1f1f7
flag-ps	1f1f5-1f1f8
flag-pt	1f1f5-1f1f9
flag-pw	1f1f5-1f1fc
flag-py	1f1f5-1f1fe
flag-qa	1f1f6-1f1e6
flag-re	1f1f7-1f1ea
flag-ro	1f1f7-1f1f4
flag-rs	1f1f7-1f1f8
flag-ru	1f1f7-1f1fa
flag-rw	1f1f7-1f1fc
flag-sa	1f1f8-1f1e6
flag-sark	1f1e8-1f1f6
flag-sb	1f1f8-1f1e7
flag-sc	1f1f8-1f1e8
flag-scotland	1f3f4-e0067-e0062-e0073-e0063-e0074-e007f
flag-sd	1f1f8-1f1e9
flag-se	1f1f8-1f1ea
flag-sg	1f1f8-1f1ec
flag-sh	1f1f8-1f1ed
flag-si	1f1f8-1f1ee
flag-sj	1f1f8-1f1ef
flag-sk	1f1f8-1f1f0
flag-sl	1f1f8-1f1f1
flag-sm	1f1f8-1f1f2
flag-sn	1f1f8-1f1f3
flag-so	1f1f8-1f1f4
flag-sr	1f1f8-1f1f7
flag-ss	1f1f8-1f1f8
flag-st	1f1f8-1f1f9
flag-sv	1f1f8-1f1fb
flag-sx	1f1f8-1f1fd
flag-sy	1f1f8-1f1fe
flag-sz	1f1f8-1f1ff
flag-ta	1f1f9-1f1e6
flag-tc	1f1f9-1f1e8
flag-td	1f1f9-1f1e9
flag-tf	1f1f9-1f1eb
flag-tg	1f1f9-1f1ec
flag-th	1f1f9-1f1ed
flag-tj	1f1f9-1f1ef
flag-tk	1f1f9-1f1f0
flag-tl	1f1f9-1f1f1
flag-tm	1f1f9-1f1f2
flag-tn	1f1f9-1f1f3
flag-to	1f1f9-1f1f4
flag-tr	1f1f9-1f1f7
flag-tt	1f1f9-1f1f9
flag-tv	1f1f9-1f1fb
flag-tw	1f1f9-1f1fc
flag-tz	1f1f9-1f1ff
flag-ua	1f1fa-1f1e6
flag-ug	1f1fa-1f1ec
flag-um	1f1fa-1f1f2
flag-un	1f1fa-1f1f3
flag-us	1f1fa-1f1f8
flag-uy	1f1fa-1f1fe
flag-uz	1f1fa-1f1ff
flag-va	1f1fb-1f1e6
flag-vc	1f1fb-1f1e8
flag-ve	1f1fb-1f1ea
flag-vg	1f1fb-1f1ec
flag-vi	1f1fb-1f1ee
flag-vn	1f1fb-1f1f3
flag-vu	1f1fb-1f1fa
flag-wales	1f3f4-e0067-e0062-e0077-e006c-e0073-e007f
flag-wf	1f1fc-1f1eb
flag-ws	1f1fc-1f1f8
flag-xk	1f1fd-1f1f0
flag-ye	1f1fe-1f1ea
flag-yt	1f1fe-1f1f9
flag-za	1f1ff-1f1e6
flag-zm	1f1ff-1f1f2
flag-zw	1f1ff-1f1fc
flags	1f38f
flamingo	1f9a9
flashlight	1f526
flatbread	1fad3
fleur_de_lis	269c-fe0f
flipper	1f42c
floppy_disk	1f4be
flower_playing_cards	1f3b4
flushed	1f633
flute	1fa88
fly	1fab0
flying_disc	1f94f
flying_saucer	1f6f8
fog	1f32b-fe0f
foggy	1f301
folding_hand_fan	1faad
fondue	1fad5
foot	1f9b6
foot_dark_skin_tone	1f9b6-1f3ff
foot_light_skin_tone	1f9b6-1f3fb
foot_medium_dark_skin_tone	1f9b6-1f3fe
foot_medium_light_skin_tone	1f9b6-1f3fc
foot_medium_skin_tone	1f9b6-1f3fd
football	1f3c8
footprints	1f463
fork_and_knife	1f374
fortune_cookie	1f960
fountain	26f2
four	0034-fe0f-20e3
four_leaf_clover	1f340
fox_face	1f98a
fr	1f1eb-1f1f7
frame_with_picture	1f5bc-fe0f
free	1f193
fried_egg	1f373
fried_shrimp	1f364
fries	1f35f
frog	1f438
frowning	1f626
fuelpump	26fd
full_moon	1f315
full_moon_with_face	1f31d
funeral_urn	26b1-fe0f
game_die	1f3b2
garlic	1f9c4
gb	1f1ec-1f1e7
gear	2699-fe0f
gem	1f48e
gemini	264a
genie	1f9de
ghost	1f47b
gift	1f381
gift_heart	1f49d
ginger_root	1fada
giraffe_face	1f992
girl	1f467
girl_dark_skin_tone	1f467-1f3ff
girl_light_skin_tone	1f467-1f3fb
girl_medium_dark_skin_tone	1f467-1f3fe
girl_medium_light_skin_tone	1f467-1f3fc
girl_medium_skin_tone	1f467-1f3fd
glass_of_milk	1f95b
globe_with_meridians	1f310
gloves	1f9e4
goal_net	1f945
goat	1f410
goggles	1f97d
golf	26f3
golfer	1f3cc-fe0f
golfer_dark_skin_tone	1f3cc-1f3ff
golfer_light_skin_tone	1f3cc-1f3fb
golfer_medium_dark_skin_tone	1f3cc-1f3fe
golfer_medium_light_skin_tone	1f3cc-1f3fc
golfer_medium_skin_tone	1f3cc-1f3fd
goose	1fabf
gorilla	1f98d
grapes	1f347
green_apple	1f34f
green_book	1f4d7
green_heart	1f49a
green_salad	1f957
grey_exclamation	2755
grey_heart	1fa76
grey_question	2754
grimacing	1f62c
grin	1f601
grinning	1f600
grinning_face_with_one_large_and_one_small_eye	1f92a
grinning_face_with_star_eyes	1f929
guardsman	1f482
guardsman_dark_skin_tone	1f482-1f3ff
guardsman_light_skin_tone	1f482-1f3fb
guardsman_medium_dark_skin_tone	1f482-1f3fe
guardsman_medium_light_skin_tone	1f482-1f3fc
guardsman_medium_skin_tone	1f482-1f3fd
guide_dog	1f9ae
guitar	1f3b8
gun	1f52b
hair_pick	1faae
haircut	1f487
haircut_dark_skin_tone	1f487-1f3ff
haircut_light_skin_tone	1f487-1f3fb
haircut_medium_dark_skin_tone	1f487-1f3fe
haircut_medium_light_skin_tone	1f487-1f3fc
haircut_medium_skin_tone	1f487-1f3fd
hairy_creature	1fac8
hamburger	1f354
hammer	1f528
hammer_and_pick	2692-fe0f
hammer_and_wrench	1f6e0-fe0f
hamsa	1faac
hamster	1f439
hand	270b
hand_dark_skin_tone	270b-1f3ff
hand_light_skin_tone	270b-1f3fb
hand_medium_dark_skin_tone	270b-1f3fe
hand_medium_light_skin_tone	270b-1f3fc
hand_medium_skin_tone	270b-1f3fd
hand_with_index_and_middle_fingers_crossed	1f91e
hand_with_index_and_middle_fingers_crossed_dark_skin_tone	1f91e-1f3ff
hand_with_index_and_middle_fingers_crossed_light_skin_tone	1f91e-1f3fb
hand_with_index_and_middle_fingers_crossed_medium_dark_skin_tone	1f91e-1f3fe
hand_with_index_and_middle_fingers_crossed_medium_light_skin_tone	1f91e-1f3fc
hand_with_index_and_middle_fingers_crossed_medium_skin_tone	1f91e-1f3fd
hand_with_index_finger_and_thumb_crossed	1faf0
hand_with_index_finger_and_thumb_crossed_dark_skin_tone	1faf0-1f3ff
hand_with_index_finger_and_thumb_crossed_light_skin_tone	1faf0-1f3fb
hand_with_index_finger_and_thumb_crossed_medium_dark_skin_tone	1faf0-1f3fe
hand_with_index_finger_and_thumb_crossed_medium_light_skin_tone	1faf0-1f3fc
hand_with_index_finger_and_thumb_crossed_medium_skin_tone	1faf0-1f3fd
handbag	1f45c
handball	1f93e
handball_dark_skin_tone	1f93e-1f3ff
handball_light_skin_tone	1f93e-1f3fb
handball_medium_dark_skin_tone	1f93e-1f3fe
handball_medium_light_skin_tone	1f93e-1f3fc
handball_medium_skin_tone	1f93e-1f3fd
handshake	1f91d
handshake_dark_skin_tone	1f91d-1f3ff
handshake_light_skin_tone	1f91d-1f3fb
handshake_medium_dark_skin_tone	1f91d-1f3fe
handshake_medium_light_skin_tone	1f91d-1f3fc
handshake_medium_skin_tone	1f91d-1f3fd
hankey	1f4a9
harp	1fa89
hash	0023-fe0f-20e3
hatched_chick	1f425
hatching_chick	1f423
head_shaking_horizontally	1f642-200d-2194-fe0f
head_shaking_vertically	1f642-200d-2195-fe0f
headphones	1f3a7
headstone	1faa6
health_worker	1f9d1-200d-2695-fe0f
health_worker_dark_skin_tone	1f9d1-1f3ff-200d-2695-fe0f
health_worker_light_skin_tone	1f9d1-1f3fb-200d-2695-fe0f
health_worker_medium_dark_skin_tone	1f9d1-1f3fe-200d-2695-fe0f
health_worker_medium_light_skin_tone	1f9d1-1f3fc-200d-2695-fe0f
health_worker_medium_skin_tone	1f9d1-1f3fd-200d-2695-fe0f
hear_no_evil	1f649
heart	2764-fe0f
heart_decoration	1f49f
heart_eyes	1f60d
heart_eyes_cat	1f63b
heart_hands	1faf6
heart_hands_dark_skin_tone	1faf6-1f3ff
heart_hands_light_skin_tone	1faf6-1f3fb
heart_hands_medium_dark_skin_tone	1faf6-1f3fe
heart_hands_medium_light_skin_tone	1faf6-1f3fc
heart_hands_medium_skin_tone	1faf6-1f3fd
heart_on_fire	2764-fe0f-200d-1f525
heartbeat	1f493
heartpulse	1f497
hearts	2665-fe0f
heavy_check_mark	2714-fe0f
heavy_division_sign	2797
heavy_dollar_sign	1f4b2
heavy_equals_sign	1f7f0
heavy_exclamation_mark	2757
heavy_heart_exclamation_mark_ornament	2763-fe0f
heavy_minus_sign	2796
heavy_multiplication_x	2716-fe0f
heavy_plus_sign	2795
hedgehog	1f994
helicopter	1f681
helmet_with_white_cross	26d1-fe0f
herb	1f33f
hibiscus	1f33a
high_brightness	1f506
high_heel	1f460
hiking_boot	1f97e
hindu_temple	1f6d5
hippopotamus	1f99b
hocho	1f52a
hole	1f573-fe0f
honey_pot	1f36f
honeybee	1f41d
hook	1fa9d
horse	1f434
horse_racing	1f3c7
horse_racing_dark_skin_tone	1f3c7-1f3ff
horse_racing_light_skin_tone	1f3c7-1f3fb
horse_racing_medium_dark_skin_tone	1f3c7-1f3fe
horse_racing_medium_light_skin_tone	1f3c7-1f3fc
horse_racing_medium_skin_tone	1f3c7-1f3fd
hospital	1f3e5
hot_face	1f975
hot_pepper	1f336-fe0f
hotdog	1f32d
hotel	1f3e8
hotsprings	2668-fe0f
hourglass	231b
hourglass_flowing_sand	23f3
house	1f3e0
house_buildings	1f3d8-fe0f
house_with_garden	1f3e1
hugging_face	1f917
hushed	1f62f
hut	1f6d6
hyacinth	1fabb
i_love_you_hand_sign	1f91f
i_love_you_hand_sign_dark_skin_tone	1f91f-1f3ff
i_love_you_hand_sign_light_skin_tone	1f91f-1f3fb
i_love_you_hand_sign_medium_dark_skin_tone	1f91f-1f3fe
i_love_you_hand_sign_medium_light_skin_tone	1f91f-1f3fc
i_love_you_hand_sign_medium_skin_tone	1f91f-1f3fd
ice_cream	1f368
ice_cube	1f9ca
ice_hockey_stick_and_puck	1f3d2
ice_skate	26f8-fe0f
icecream	1f366
id	1f194
identification_card	1faaa
ideograph_advantage	1f250
imp	1f47f
inbox_tray	1f4e5
incoming_envelope	1f4e8
index_pointing_at_the_viewer	1faf5
index_pointing_at_the_viewer_dark_skin_tone	1faf5-1f3ff
index_pointing_at_the_viewer_light_skin_tone	1faf5-1f3fb
index_pointing_at_the_viewer_medium_dark_skin_tone	1faf5-1f3fe
index_pointing_at_the_viewer_medium_light_skin_tone	1faf5-1f3fc
index_pointing_at_the_viewer_medium_skin_tone	1faf5-1f3fd
infinity	267e-fe0f
information_desk_person	1f481
information_desk_person_dark_skin_tone	1f481-1f3ff
information_desk_person_light_skin_tone	1f481-1f3fb
information_desk_person_medium_dark_skin_tone	1f481-1f3fe
information_desk_person_medium_light_skin_tone	1f481-1f3fc
information_desk_person_medium_skin_tone	1f481-1f3fd
information_source	2139-fe0f
innocent	1f607
interrobang	2049-fe0f
iphone	1f4f1
it	1f1ee-1f1f9
izakaya_lantern	1f3ee
jack_o_lantern	1f383
japan	1f5fe
japanese_castle	1f3ef
japanese_goblin	1f47a
japanese_ogre	1f479
jar	1fad9
jeans	1f456
jellyfish	1fabc
jigsaw	1f9e9
joy	1f602
joy_cat	1f639
joystick	1f579-fe0f
jp	1f1ef-1f1f5
judge	1f9d1-200d-2696-fe0f
judge_dark_skin_tone	1f9d1-1f3ff-200d-2696-fe0f
judge_light_skin_tone	1f9d1-1f3fb-200d-2696-fe0f
judge_medium_dark_skin_tone	1f9d1-1f3fe-200d-2696-fe0f
judge_medium_light_skin_tone	1f9d1-1f3fc-200d-2696-fe0f
judge_medium_skin_tone	1f9d1-1f3fd-200d-2696-fe0f
juggling	1f939
juggling_dark_skin_tone	1f939-1f3ff
juggling_light_skin_tone	1f939-1f3fb
juggling_medium_dark_skin_tone	1f939-1f3fe
juggling_medium_light_skin_tone	1f939-1f3fc
juggling_medium_skin_tone	1f939-1f3fd
kaaba	1f54b
kangaroo	1f998
key	1f511
keyboard	2328-fe0f
keycap_star	002a-fe0f-20e3
keycap_ten	1f51f
khanda	1faaf
kimono	1f458
kiss	1f48b
kissing	1f617
kissing_cat	1f63d
kissing_closed_eyes	1f61a
kissing_heart	1f618
kissing_smiling_eyes	1f619
kite	1fa81
kiwifruit	1f95d
kneeling_person	1f9ce
kneeling_person_dark_skin_tone	1f9ce-1f3ff
kneeling_person_light_skin_tone	1f9ce-1f3fb
kneeling_person_medium_dark_skin_tone	1f9ce-1f3fe
kneeling_person_medium_light_skin_tone	1f9ce-1f3fc
kneeling_person_medium_skin_tone	1f9ce-1f3fd
knife	1f52a
knife_fork_plate	1f37d-fe0f
knot	1faa2
koala	1f428
koko	1f201
kr	1f1f0-1f1f7
lab_coat	1f97c
label	1f3f7-fe0f
lacrosse	1f94d
ladder	1fa9c
lady_beetle	1f41e
ladybug	1f41e
landslide	1f6d8
lantern	1f3ee
large_blue_circle	1f535
large_blue_diamond	1f537
large_blue_square	1f7e6
large_brown_circle	1f7e4
large_brown_square	1f7eb
large_green_circle	1f7e2
large_green_square	1f7e9
large_orange_circle	1f7e0
large_orange_diamond	1f536
large_orange_square	1f7e7
large_purple_circle	1f7e3
large_purple_square	1f7ea
large_red_square	1f7e5
large_yellow_circle	1f7e1
large_yellow_square	1f7e8
last_quarter_moon	1f317
last_quarter_moon_with_face	1f31c
latin_cross	271d-fe0f
laughing	1f606
leafless_tree	1fabe
leafy_green	1f96c
leaves	1f343
ledger	1f4d2
left-facing_fist	1f91b
left-facing_fist_dark_skin_tone	1f91b-1f3ff
left-facing_fist_light_skin_tone	1f91b-1f3fb
left-facing_fist_medium_dark_skin_tone	1f91b-1f3fe
left-facing_fist_medium_light_skin_tone	1f91b-1f3fc
left-facing_fist_medium_skin_tone	1f91b-1f3fd
left_luggage	1f6c5
left_right_arrow	2194-fe0f
left_speech_bubble	1f5e8-fe0f
leftwards_arrow_with_hook	21a9-fe0f
leftwards_hand	1faf2
leftwards_hand_dark_skin_tone	1faf2-1f3ff
leftwards_hand_light_skin_tone	1faf2-1f3fb
leftwards_hand_medium_dark_skin_tone	1faf2-1f3fe
leftwards_hand_medium_light_skin_tone	1faf2-1f3fc
leftwards_hand_medium_skin_tone	1faf2-1f3fd
leftwards_pushing_hand	1faf7
leftwards_pushing_hand_dark_skin_tone	1faf7-1f3ff
leftwards_pushing_hand_light_skin_tone	1faf7-1f3fb
leftwards_pushing_hand_medium_dark_skin_tone	1faf7-1f3fe
leftwards_pushing_hand_medium_light_skin_tone	1faf7-1f3fc
leftwards_pushing_hand_medium_skin_tone	1faf7-1f3fd
leg	1f9b5
leg_dark_skin_tone	1f9b5-1f3ff
leg_light_skin_tone	1f9b5-1f3fb
leg_medium_dark_skin_tone	1f9b5-1f3fe
leg_medium_light_skin_tone	1f9b5-1f3fc
leg_medium_skin_tone	1f9b5-1f3fd
lemon	1f34b
leo	264c
leopard	1f406
level_slider	1f39a-fe0f
libra	264e
light_blue_heart	1fa75
light_rail	1f688
lightning	1f329-fe0f
lightning_cloud	1f329-fe0f
lime	1f34b-200d-1f7e9
link	1f517
linked_paperclips	1f587-fe0f
lion_face	1f981
lips	1f444
lipstick	1f484
lizard	1f98e
llama	1f999
lobster	1f99e
lock	1f512
lock_with_ink_pen	1f50f
lollipop	1f36d
long_drum	1fa98
loop	27bf
lotion_bottle	1f9f4
lotus	1fab7
loud_sound	1f50a
loudspeaker	1f4e2
love_hotel	1f3e9
love_letter	1f48c
low_battery	1faab
low_brightness	1f505
lower_left_ballpoint_pen	1f58a-fe0f
lower_left_crayon	1f58d-fe0f
lower_left_fountain_pen	1f58b-fe0f
lower_left_paintbrush	1f58c-fe0f
luggage	1f9f3
lungs	1fac1
lying_face	1f925
m	24c2-fe0f
mag	1f50d
mag_right	1f50e
mage	1f9d9
mage_dark_skin_tone	1f9d9-1f3ff
mage_light_skin_tone	1f9d9-1f3fb
mage_medium_dark_skin_tone	1f9d9-1f3fe
mage_medium_light_skin_tone	1f9d9-1f3fc
mage_medium_skin_tone	1f9d9-1f3fd
magic_wand	1fa84
magnet	1f9f2
mahjong	1f004
mailbox	1f4eb
mailbox_closed	1f4ea
mailbox_with_mail	1f4ec
mailbox_with_no_mail	1f4ed
male-artist	1f468-200d-1f3a8
male-artist_dark_skin_tone	1f468-1f3ff-200d-1f3a8
male-artist_light_skin_tone	1f468-1f3fb-200d-1f3a8
male-artist_medium_dark_skin_tone	1f468-1f3fe-200d-1f3a8
male-artist_medium_light_skin_tone	1f468-1f3fc-200d-1f3a8
male-artist_medium_skin_tone	1f468-1f3fd-200d-1f3a8
male-astronaut	1f468-200d-1f680
male-astronaut_dark_skin_tone	1f468-1f3ff-200d-1f680
male-astronaut_light_skin_tone	1f468-1f3fb-200d-1f680
male-astronaut_medium_dark_skin_tone	1f468-1f3fe-200d-1f680
male-astronaut_medium_light_skin_tone	1f468-1f3fc-200d-1f680
male-astronaut_medium_skin_tone	1f468-1f3fd-200d-1f680
male-construction-worker	1f477-200d-2642-fe0f
male-construction-worker_dark_skin_tone	1f477-1f3ff-200d-2642-fe0f
male-construction-worker_light_skin_tone	1f477-1f3fb-200d-2642-fe0f
male-construction-worker_medium_dark_skin_tone	1f477-1f3fe-200d-2642-fe0f
male-construction-worker_medium_light_skin_tone	1f477-1f3fc-200d-2642-fe0f
male-construction-worker_medium_skin_tone	1f477-1f3fd-200d-2642-fe0f
male-cook	1f468-200d-1f373
male-cook_dark_skin_tone	1f468-1f3ff-200d-1f373
male-cook_light_skin_tone	1f468-1f3fb-200d-1f373
male-cook_medium_dark_skin_tone	1f468-1f3fe-200d-1f373
male-cook_medium_light_skin_tone	1f468-1f3fc-200d-1f373
male-cook_medium_skin_tone	1f468-1f3fd-200d-1f373
male-detective	1f575-fe0f-200d-2642-fe0f
male-detective_dark_skin_tone	1f575-1f3ff-200d-2642-fe0f
male-detective_light_skin_tone	1f575-1f3fb-200d-2642-fe0f
male-detective_medium_dark_skin_tone	1f575-1f3fe-200d-2642-fe0f
male-detective_medium_light_skin_tone	1f575-1f3fc-200d-2642-fe0f
male-detective_medium_skin_tone	1f575-1f3fd-200d-2642-fe0f
male-doctor	1f468-200d-2695-fe0f
male-doctor_dark_skin_tone	1f468-1f3ff-200d-2695-fe0f
male-doctor_light_skin_tone	1f468-1f3fb-200d-2695-fe0f
male-doctor_medium_dark_skin_tone	1f468-1f3fe-200d-2695-fe0f
male-doctor_medium_light_skin_tone	1f468-1f3fc-200d-2695-fe0f
male-doctor_medium_skin_tone	1f468-1f3fd-200d-2695-fe0f
male-factory-worker	1f468-200d-1f3ed
male-factory-worker_dark_skin_tone	1f468-1f3ff-200d-1f3ed
male-factory-worker_light_skin_tone	1f468-1f3fb-200d-1f3ed
male-factory-worker_medium_dark_skin_tone	1f468-1f3fe-200d-1f3ed
male-factory-worker_medium_light_skin_tone	1f468-1f3fc-200d-1f3ed
male-factory-worker_medium_skin_tone	1f468-1f3fd-200d-1f3ed
male-farmer	1f468-200d-1f33e
male-farmer_dark_skin_tone	1f468-1f3ff-200d-1f33e
male-farmer_light_skin_tone	1f468-1f3fb-200d-1f33e
male-farmer_medium_dark_skin_tone	1f468-1f3fe-200d-1f33e
male-farmer_medium_light_skin_tone	1f468-1f3fc-200d-1f33e
male-farmer_medium_skin_tone	1f468-1f3fd-200d-1f33e
male-firefighter	1f468-200d-1f692
male-firefighter_dark_skin_tone	1f468-1f3ff-200d-1f692
male-firefighter_light_skin_tone	1f468-1f3fb-200d-1f692
male-firefighter_medium_dark_skin_tone	1f468-1f3fe-200d-1f692
male-firefighter_medium_light_skin_tone	1f468-1f3fc-200d-1f692
male-firefighter_medium_skin_tone	1f468-1f3fd-200d-1f692
male-guard	1f482-200d-2642-fe0f
male-guard_dark_skin_tone	1f482-1f3ff-200d-2642-fe0f
male-guard_light_skin_tone	1f482-1f3fb-200d-2642-fe0f
male-guard_medium_dark_skin_tone	1f482-1f3fe-200d-2642-fe0f
male-guard_medium_light_skin_tone	1f482-1f3fc-200d-2642-fe0f
male-guard_medium_skin_tone	1f482-1f3fd-200d-2642-fe0f
male-judge	1f468-200d-2696-fe0f
male-judge_dark_skin_tone	1f468-1f3ff-200d-2696-fe0f
male-judge_light_skin_tone	1f468-1f3fb-200d-2696-fe0f
male-judge_medium_dark_skin_tone	1f468-1f3fe-200d-2696-fe0f
male-judge_medium_light_skin_tone	1f468-1f3fc-200d-2696-fe0f
male-judge_medium_skin_tone	1f468-1f3fd-200d-2696-fe0f
male-mechanic	1f468-200d-1f527
male-mechanic_dark_skin_tone	1f468-1f3ff-200d-1f527
male-mechanic_light_skin_tone	1f468-1f3fb-200d-1f527
male-mechanic_medium_dark_skin_tone	1f468-1f3fe-200d-1f527
male-mechanic_medium_light_skin_tone	1f468-1f3fc-200d-1f527
male-mechanic_medium_skin_tone	1f468-1f3fd-200d-1f527
male-office-worker	1f468-200d-1f4bc
male-office-worker_dark_skin_tone	1f468-1f3ff-200d-1f4bc
male-office-worker_light_skin_tone	1f468-1f3fb-200d-1f4bc
male-office-worker_medium_dark_skin_tone	1f468-1f3fe-200d-1f4bc
male-office-worker_medium_light_skin_tone	1f468-1f3fc-200d-1f4bc
male-office-worker_medium_skin_tone	1f468-1f3fd-200d-1f4bc
male-pilot	1f468-200d-2708-fe0f
male-pilot_dark_skin_tone	1f468-1f3ff-200d-2708-fe0f
male-pilot_light_skin_tone	1f468-1f3fb-200d-2708-fe0f
male-pilot_medium_dark_skin_tone	1f468-1f3fe-200d-2708-fe0f
male-pilot_medium_light_skin_tone	1f468-1f3fc-200d-2708-fe0f
male-pilot_medium_skin_tone	1f468-1f3fd-200d-2708-fe0f
male-police-officer	1f46e-200d-2642-fe0f
male-police-officer_dark_skin_tone	1f46e-1f3ff-200d-2642-fe0f
male-police-officer_light_skin_tone	1f46e-1f3fb-200d-2642-fe0f
male-police-officer_medium_dark_skin_tone	1f46e-1f3fe-200d-2642-fe0f
male-police-officer_medium_light_skin_tone	1f46e-1f3fc-200d-2642-fe0f
male-police-officer_medium_skin_tone	1f46e-1f3fd-200d-2642-fe0f
male-scientist	1f468-200d-1f52c
male-scientist_dark_skin_tone	1f468-1f3ff-200d-1f52c
male-scientist_light_skin_tone	1f468-1f3fb-200d-1f52c
male-scientist_medium_dark_skin_tone	1f468-1f3fe-200d-1f52c
male-scientist_medium_light_skin_tone	1f468-1f3fc-200d-1f52c
male-scientist_medium_skin_tone	1f468-1f3fd-200d-1f52c
male-singer	1f468-200d-1f3a4
male-singer_dark_skin_tone	1f468-1f3ff-200d-1f3a4
male-singer_light_skin_tone	1f468-1f3fb-200d-1f3a4
male-singer_medium_dark_skin_tone	1f468-1f3fe-200d-1f3a4
male-singer_medium_light_skin_tone	1f468-1f3fc-200d-1f3a4
male-singer_medium_skin_tone	1f468-1f3fd-200d-1f3a4
male-student	1f468-200d-1f393
male-student_dark_skin_tone	1f468-1f3ff-200d-1f393
male-student_light_skin_tone	1f468-1f3fb-200d-1f393
male-student_medium_dark_skin_tone	1f468-1f3fe-200d-1f393
male-student_medium_light_skin_tone	1f468-1f3fc-200d-1f393
male-student_medium_skin_tone	1f468-1f3fd-200d-1f393
male-teacher	1f468-200d-1f3eb
male-teacher_dark_skin_tone	1f468-1f3ff-200d-1f3eb
male-teacher_light_skin_tone	1f468-1f3fb-200d-1f3eb
male-teacher_medium_dark_skin_tone	1f468-1f3fe-200d-1f3eb
male-teacher_medium_light_skin_tone	1f468-1f3fc-200d-1f3eb
male-teacher_medium_skin_tone	1f468-1f3fd-200d-1f3eb
male-technologist	1f468-200d-1f4bb
male-technologist_dark_skin_tone	1f468-1f3ff-200d-1f4bb
male-technologist_light_skin_tone	1f468-1f3fb-200d-1f4bb
male-technologist_medium_dark_skin_tone	1f468-1f3fe-200d-1f4bb
male-technologist_medium_light_skin_tone	1f468-1f3fc-200d-1f4bb
male-technologist_medium_skin_tone	1f468-1f3fd-200d-1f4bb
male_elf	1f9dd-200d-2642-fe0f
male_elf_dark_skin_tone	1f9dd-1f3ff-200d-2642-fe0f
male_elf_light_skin_tone	1f9dd-1f3fb-200d-2642-fe0f
male_elf_medium_dark_skin_tone	1f9dd-1f3fe-200d-2642-fe0f
male_elf_medium_light_skin_tone	1f9dd-1f3fc-200d-2642-fe0f
male_elf_medium_skin_tone	1f9dd-1f3fd-200d-2642-fe0f
male_fairy	1f9da-200d-2642-fe0f
male_fairy_dark_skin_tone	1f9da-1f3ff-200d-2642-fe0f
male_fairy_light_skin_tone	1f9da-1f3fb-200d-2642-fe0f
male_fairy_medium_dark_skin_tone	1f9da-1f3fe-200d-2642-fe0f
male_fairy_medium_light_skin_tone	1f9da-1f3fc-200d-2642-fe0f
male_fairy_medium_skin_tone	1f9da-1f3fd-200d-2642-fe0f
male_genie	1f9de-200d-2642-fe0f
male_mage	1f9d9-200d-2642-fe0f
male_mage_dark_skin_tone	1f9d9-1f3ff-200d-2642-fe0f
male_mage_light_skin_tone	1f9d9-1f3fb-200d-2642-fe0f
male_mage_medium_dark_skin_tone	1f9d9-1f3fe-200d-2642-fe0f
male_mage_medium_light_skin_tone	1f9d9-1f3fc-200d-2642-fe0f
male_mage_medium_skin_tone	1f9d9-1f3fd-200d-2642-fe0f
male_sign	2642-fe0f
male_superhero	1f9b8-200d-2642-fe0f
male_superhero_dark_skin_tone	1f9b8-1f3ff-200d-2642-fe0f
male_superhero_light_skin_tone	1f9b8-1f3fb-200d-2642-fe0f
male_superhero_medium_dark_skin_tone	1f9b8-1f3fe-200d-2642-fe0f
male_superhero_medium_light_skin_tone	1f9b8-1f3fc-200d-2642-fe0f
male_superhero_medium_skin_tone	1f9b8-1f3fd-200d-2642-fe0f
male_supervillain	1f9b9-200d-2642-fe0f
male_supervillain_dark_skin_tone	1f9b9-1f3ff-200d-2642-fe0f
male_supervillain_light_skin_tone	1f9b9-1f3fb-200d-2642-fe0f
male_supervillain_medium_dark_skin_tone	1f9b9-1f3fe-200d-2642-fe0f
male_supervillain_medium_light_skin_tone	1f9b9-1f3fc-200d-2642-fe0f
male_supervillain_medium_skin_tone	1f9b9-1f3fd-200d-2642-fe0f
male_vampire	1f9db-200d-2642-fe0f
male_vampire_dark_skin_tone	1f9db-1f3ff-200d-2642-fe0f
male_vampire_light_skin_tone	1f9db-1f3fb-200d-2642-fe0f
male_vampire_medium_dark_skin_tone	1f9db-1f3fe-200d-2642-fe0f
male_vampire_medium_light_skin_tone	1f9db-1f3fc-200d-2642-fe0f
male_vampire_medium_skin_tone	1f9db-1f3fd-200d-2642-fe0f
male_zombie	1f9df-200d-2642-fe0f
mammoth	1f9a3
man	1f468
man-biking	1f6b4-200d-2642-fe0f
man-biking_dark_skin_tone	1f6b4-1f3ff-200d-2642-fe0f
man-biking_light_skin_tone	1f6b4-1f3fb-200d-2642-fe0f
man-biking_medium_dark_skin_tone	1f6b4-1f3fe-200d-2642-fe0f
man-biking_medium_light_skin_tone	1f6b4-1f3fc-200d-2642-fe0f
man-biking_medium_skin_tone	1f6b4-1f3fd-200d-2642-fe0f
man-bouncing-ball	26f9-fe0f-200d-2642-fe0f
man-bouncing-ball_dark_skin_tone	26f9-1f3ff-200d-2642-fe0f
man-bouncing-ball_light_skin_tone	26f9-1f3fb-200d-2642-fe0f
man-bouncing-ball_medium_dark_skin_tone	26f9-1f3fe-200d-2642-fe0f
man-bouncing-ball_medium_light_skin_tone	26f9-1f3fc-200d-2642-fe0f
man-bouncing-ball_medium_skin_tone	26f9-1f3fd-200d-2642-fe0f
man-bowing	1f647-200d-2642-fe0f
man-bowing_dark_skin_tone	1f647-1f3ff-200d-2642-fe0f
man-bowing_light_skin_tone	1f647-1f3fb-200d-2642-fe0f
man-bowing_medium_dark_skin_tone	1f647-1f3fe-200d-2642-fe0f
man-bowing_medium_light_skin_tone	1f647-1f3fc-200d-2642-fe0f
man-bowing_medium_skin_tone	1f647-1f3fd-200d-2642-fe0f
man-boy	1f468-200d-1f466
man-boy-boy	1f468-200d-1f466-200d-1f466
man-cartwheeling	1f938-200d-2642-fe0f
man-cartwheeling_dark_skin_tone	1f938-1f3ff-200d-2642-fe0f
man-cartwheeling_light_skin_tone	1f938-1f3fb-200d-2642-fe0f
man-cartwheeling_medium_dark_skin_tone	1f938-1f3fe-200d-2642-fe0f
man-cartwheeling_medium_light_skin_tone	1f938-1f3fc-200d-2642-fe0f
man-cartwheeling_medium_skin_tone	1f938-1f3fd-200d-2642-fe0f
man-facepalming	1f926-200d-2642-fe0f
man-facepalming_dark_skin_tone	1f926-1f3ff-200d-2642-fe0f
man-facepalming_light_skin_tone	1f926-1f3fb-200d-2642-fe0f
man-facepalming_medium_dark_skin_tone	1f926-1f3fe-200d-2642-fe0f
man-facepalming_medium_light_skin_tone	1f926-1f3fc-200d-2642-fe0f
man-facepalming_medium_skin_tone	1f926-1f3fd-200d-2642-fe0f
man-frowning	1f64d-200d-2642-fe0f
man-frowning_dark_skin_tone	1f64d-1f3ff-200d-2642-fe0f
man-frowning_light_skin_tone	1f64d-1f3fb-200d-2642-fe0f
man-frowning_medium_dark_skin_tone	1f64d-1f3fe-200d-2642-fe0f
man-frowning_medium_light_skin_tone	1f64d-1f3fc-200d-2642-fe0f
man-frowning_medium_skin_tone	1f64d-1f3fd-200d-2642-fe0f
man-gesturing-no	1f645-200d-2642-fe0f
man-gesturing-no_dark_skin_tone	1f645-1f3ff-200d-2642-fe0f
man-gesturing-no_light_skin_tone	1f645-1f3fb-200d-2642-fe0f
man-gesturing-no_medium_dark_skin_tone	1f645-1f3fe-200d-2642-fe0f
man-gesturing-no_medium_light_skin_tone	1f645-1f3fc-200d-2642-fe0f
man-gesturing-no_medium_skin_tone	1f645-1f3fd-200d-2642-fe0f
man-gesturing-ok	1f646-200d-2642-fe0f
man-gesturing-ok_dark_skin_tone	1f646-1f3ff-200d-2642-fe0f
man-gesturing-ok_light_skin_tone	1f646-1f3fb-200d-2642-fe0f
man-gesturing-ok_medium_dark_skin_tone	1f646-1f3fe-200d-2642-fe0f
man-gesturing-ok_medium_light_skin_tone	1f646-1f3fc-200d-2642-fe0f
man-gesturing-ok_medium_skin_tone	1f646-1f3fd-200d-2642-fe0f
man-getting-haircut	1f487-200d-2642-fe0f
man-getting-haircut_dark_skin_tone	1f487-1f3ff-200d-2642-fe0f
man-getting-haircut_light_skin_tone	1f487-1f3fb-200d-2642-fe0f
man-getting-haircut_medium_dark_skin_tone	1f487-1f3fe-200d-2642-fe0f
man-getting-haircut_medium_light_skin_tone	1f487-1f3fc-200d-2642-fe0f
man-getting-haircut_medium_skin_tone	1f487-1f3fd-200d-2642-fe0f
man-getting-massage	1f486-200d-2642-fe0f
man-getting-massage_dark_skin_tone	1f486-1f3ff-200d-2642-fe0f
man-getting-massage_light_skin_tone	1f486-1f3fb-200d-2642-fe0f
man-getting-massage_medium_dark_skin_tone	1f486-1f3fe-200d-2642-fe0f
man-getting-massage_medium_light_skin_tone	1f486-1f3fc-200d-2642-fe0f
man-getting-massage_medium_skin_tone	1f486-1f3fd-200d-2642-fe0f
man-girl	1f468-200d-1f467
man-girl-boy	1f468-200d-1f467-200d-1f466
man-girl-girl	1f468-200d-1f467-200d-1f467
man-golfing	1f3cc-fe0f-200d-2642-fe0f
man-golfing_dark_skin_tone	1f3cc-1f3ff-200d-2642-fe0f
man-golfing_light_skin_tone	1f3cc-1f3fb-200d-2642-fe0f
man-golfing_medium_dark_skin_tone	1f3cc-1f3fe-200d-2642-fe0f
man-golfing_medium_light_skin_tone	1f3cc-1f3fc-200d-2642-fe0f
man-golfing_medium_skin_tone	1f3cc-1f3fd-200d-2642-fe0f
man-heart-man	1f468-200d-2764-fe0f-200d-1f468
man-juggling	1f939-200d-2642-fe0f
man-juggling_dark_skin_tone	1f939-1f3ff-200d-2642-fe0f
man-juggling_light_skin_tone	1f939-1f3fb-200d-2642-fe0f
man-juggling_medium_dark_skin_tone	1f939-1f3fe-200d-2642-fe0f
man-juggling_medium_light_skin_tone	1f939-1f3fc-200d-2642-fe0f
man-juggling_medium_skin_tone	1f939-1f3fd-200d-2642-fe0f
man-kiss-man	1f468-200d-2764-fe0f-200d-1f48b-200d-1f468
man-lifting-weights	1f3cb-fe0f-200d-2642-fe0f
man-lifting-weights_dark_skin_tone	1f3cb-1f3ff-200d-2642-fe0f
man-lifting-weights_light_skin_tone	1f3cb-1f3fb-200d-2642-fe0f
man-lifting-weights_medium_dark_skin_tone	1f3cb-1f3fe-200d-2642-fe0f
man-lifting-weights_medium_light_skin_tone	1f3cb-1f3fc-200d-2642-fe0f
man-lifting-weights_medium_skin_tone	1f3cb-1f3fd-200d-2642-fe0f
man-man-boy	1f468-200d-1f468-200d-1f466
man-man-boy-boy	1f468-200d-1f468-200d-1f466-200d-1f466
man-man-girl	1f468-200d-1f468-200d-1f467
man-man-girl-boy	1f468-200d-1f468-200d-1f467-200d-1f466
man-man-girl-girl	1f468-200d-1f468-200d-1f467-200d-1f467
man-mountain-biking	1f6b5-200d-2642-fe0f
man-mountain-biking_dark_skin_tone	1f6b5-1f3ff-200d-2642-fe0f
man-mountain-biking_light_skin_tone	1f6b5-1f3fb-200d-2642-fe0f
man-mountain-biking_medium_dark_skin_tone	1f6b5-1f3fe-200d-2642-fe0f
man-mountain-biking_medium_light_skin_tone	1f6b5-1f3fc-200d-2642-fe0f
man-mountain-biking_medium_skin_tone	1f6b5-1f3fd-200d-2642-fe0f
man-playing-handball	1f93e-200d-2642-fe0f
man-playing-handball_dark_skin_tone	1f93e-1f3ff-200d-2642-fe0f
man-playing-handball_light_skin_tone	1f93e-1f3fb-200d-2642-fe0f
man-playing-handball_medium_dark_skin_tone	1f93e-1f3fe-200d-2642-fe0f
man-playing-handball_medium_light_skin_tone	1f93e-1f3fc-200d-2642-fe0f
man-playing-handball_medium_skin_tone	1f93e-1f3fd-200d-2642-fe0f
man-playing-water-polo	1f93d-200d-2642-fe0f
man-playing-water-polo_dark_skin_tone	1f93d-1f3ff-200d-2642-fe0f
man-playing-water-polo_light_skin_tone	1f93d-1f3fb-200d-2642-fe0f
man-playing-water-polo_medium_dark_skin_tone	1f93d-1f3fe-200d-2642-fe0f
man-playing-water-polo_medium_light_skin_tone	1f93d-1f3fc-200d-2642-fe0f
man-playing-water-polo_medium_skin_tone	1f93d-1f3fd-200d-2642-fe0f
man-pouting	1f64e-200d-2642-fe0f
man-pouting_dark_skin_tone	1f64e-1f3ff-200d-2642-fe0f
man-pouting_light_skin_tone	1f64e-1f3fb-200d-2642-fe0f
man-pouting_medium_dark_skin_tone	1f64e-1f3fe-200d-2642-fe0f
man-pouting_medium_light_skin_tone	1f64e-1f3fc-200d-2642-fe0f
man-pouting_medium_skin_tone	1f64e-1f3fd-200d-2642-fe0f
man-raising-hand	1f64b-200d-2642-fe0f
man-raising-hand_dark_skin_tone	1f64b-1f3ff-200d-2642-fe0f
man-raising-hand_light_skin_tone	1f64b-1f3fb-200d-2642-fe0f
man-raising-hand_medium_dark_skin_tone	1f64b-1f3fe-200d-2642-fe0f
man-raising-hand_medium_light_skin_tone	1f64b-1f3fc-200d-2642-fe0f
man-raising-hand_medium_skin_tone	1f64b-1f3fd-200d-2642-fe0f
man-rowing-boat	1f6a3-200d-2642-fe0f
man-rowing-boat_dark_skin_tone	1f6a3-1f3ff-200d-2642-fe0f
man-rowing-boat_light_skin_tone	1f6a3-1f3fb-200d-2642-fe0f
man-rowing-boat_medium_dark_skin_tone	1f6a3-1f3fe-200d-2642-fe0f
man-rowing-boat_medium_light_skin_tone	1f6a3-1f3fc-200d-2642-fe0f
man-rowing-boat_medium_skin_tone	1f6a3-1f3fd-200d-2642-fe0f
man-running	1f3c3-200d-2642-fe0f
man-running_dark_skin_tone	1f3c3-1f3ff-200d-2642-fe0f
man-running_light_skin_tone	1f3c3-1f3fb-200d-2642-fe0f
man-running_medium_dark_skin_tone	1f3c3-1f3fe-200d-2642-fe0f
man-running_medium_light_skin_tone	1f3c3-1f3fc-200d-2642-fe0f
man-running_medium_skin_tone	1f3c3-1f3fd-200d-2642-fe0f
man-shrugging	1f937-200d-2642-fe0f
man-shrugging_dark_skin_tone	1f937-1f3ff-200d-2642-fe0f
man-shrugging_light_skin_tone	1f937-1f3fb-200d-2642-fe0f
man-shrugging_medium_dark_skin_tone	1f937-1f3fe-200d-2642-fe0f
man-shrugging_medium_light_skin_tone	1f937-1f3fc-200d-2642-fe0f
man-shrugging_medium_skin_tone	1f937-1f3fd-200d-2642-fe0f
man-surfing	1f3c4-200d-2642-fe0f
man-surfing_dark_skin_tone	1f3c4-1f3ff-200d-2642-fe0f
man-surfing_light_skin_tone	1f3c4-1f3fb-200d-2642-fe0f
man-surfing_medium_dark_skin_tone	1f3c4-1f3fe-200d-2642-fe0f
man-surfing_medium_light_skin_tone	1f3c4-1f3fc-200d-2642-fe0f
man-surfing_medium_skin_tone	1f3c4-1f3fd-200d-2642-fe0f
man-swimming	1f3ca-200d-2642-fe0f
man-swimming_dark_skin_tone	1f3ca-1f3ff-200d-2642-fe0f
man-swimming_light_skin_tone	1f3ca-1f3fb-200d-2642-fe0f
man-swimming_medium_dark_skin_tone	1f3ca-1f3fe-200d-2642-fe0f
man-swimming_medium_light_skin_tone	1f3ca-1f3fc-200d-2642-fe0f
man-swimming_medium_skin_tone	1f3ca-1f3fd-200d-2642-fe0f
man-tipping-hand	1f481-200d-2642-fe0f
man-tipping-hand_dark_skin_tone	1f481-1f3ff-200d-2642-fe0f
man-tipping-hand_light_skin_tone	1f481-1f3fb-200d-2642-fe0f
man-tipping-hand_medium_dark_skin_tone	1f481-1f3fe-200d-2642-fe0f
man-tipping-hand_medium_light_skin_tone	1f481-1f3fc-200d-2642-fe0f
man-tipping-hand_medium_skin_tone	1f481-1f3fd-200d-2642-fe0f
man-walking	1f6b6-200d-2642-fe0f
man-walking_dark_skin_tone	1f6b6-1f3ff-200d-2642-fe0f
man-walking_light_skin_tone	1f6b6-1f3fb-200d-2642-fe0f
man-walking_medium_dark_skin_tone	1f6b6-1f3fe-200d-2642-fe0f
man-walking_medium_light_skin_tone	1f6b6-1f3fc-200d-2642-fe0f
man-walking_medium_skin_tone	1f6b6-1f3fd-200d-2642-fe0f
man-wearing-turban	1f473-200d-2642-fe0f
man-wearing-turban_dark_skin_tone	1f473-1f3ff-200d-2642-fe0f
man-wearing-turban_light_skin_tone	1f473-1f3fb-200d-2642-fe0f
man-wearing-turban_medium_dark_skin_tone	1f473-1f3fe-200d-2642-fe0f
man-wearing-turban_medium_light_skin_tone	1f473-1f3fc-200d-2642-fe0f
man-wearing-turban_medium_skin_tone	1f473-1f3fd-200d-2642-fe0f
man-with-bunny-ears-partying	1f46f-200d-2642-fe0f
man-with-bunny-ears-partying_dark_skin_tone	1f46f-1f3ff-200d-2642-fe0f
man-with-bunny-ears-partying_light_skin_tone	1f46f-1f3fb-200d-2642-fe0f
man-with-bunny-ears-partying_medium_dark_skin_tone	1f46f-1f3fe-200d-2642-fe0f
man-with-bunny-ears-partying_medium_light_skin_tone	1f46f-1f3fc-200d-2642-fe0f
man-with-bunny-ears-partying_medium_skin_tone	1f46f-1f3fd-200d-2642-fe0f
man-woman-boy	1f468-200d-1f469-200d-1f466
man-woman-boy-boy	1f468-200d-1f469-200d-1f466-200d-1f466
man-woman-girl	1f468-200d-1f469-200d-1f467
man-woman-girl-boy	1f468-200d-1f469-200d-1f467-200d-1f466
man-woman-girl-girl	1f468-200d-1f469-200d-1f467-200d-1f467
man-wrestling	1f93c-200d-2642-fe0f
man-wrestling_dark_skin_tone	1f93c-1f3ff-200d-2642-fe0f
man-wrestling_light_skin_tone	1f93c-1f3fb-200d-2642-fe0f
man-wrestling_medium_dark_skin_tone	1f93c-1f3fe-200d-2642-fe0f
man-wrestling_medium_light_skin_tone	1f93c-1f3fc-200d-2642-fe0f
man-wrestling_medium_skin_tone	1f93c-1f3fd-200d-2642-fe0f
man_and_woman_holding_hands	1f46b
man_and_woman_holding_hands_dark_skin_tone	1f46b-1f3ff
man_and_woman_holding_hands_light_skin_tone	1f46b-1f3fb
man_and_woman_holding_hands_medium_dark_skin_tone	1f46b-1f3fe
man_and_woman_holding_hands_medium_light_skin_tone	1f46b-1f3fc
man_and_woman_holding_hands_medium_skin_tone	1f46b-1f3fd
man_climbing	1f9d7-200d-2642-fe0f
man_climbing_dark_skin_tone	1f9d7-1f3ff-200d-2642-fe0f
man_climbing_light_skin_tone	1f9d7-1f3fb-200d-2642-fe0f
man_climbing_medium_dark_skin_tone	1f9d7-1f3fe-200d-2642-fe0f
man_climbing_medium_light_skin_tone	1f9d7-1f3fc-200d-2642-fe0f
man_climbing_medium_skin_tone	1f9d7-1f3fd-200d-2642-fe0f
man_dancing	1f57a
man_dancing_dark_skin_tone	1f57a-1f3ff
man_dancing_light_skin_tone	1f57a-1f3fb
man_dancing_medium_dark_skin_tone	1f57a-1f3fe
man_dancing_medium_light_skin_tone	1f57a-1f3fc
man_dancing_medium_skin_tone	1f57a-1f3fd
man_dark_skin_tone	1f468-1f3ff
man_feeding_baby	1f468-200d-1f37c
man_feeding_baby_dark_skin_tone	1f468-1f3ff-200d-1f37c
man_feeding_baby_light_skin_tone	1f468-1f3fb-200d-1f37c
man_feeding_baby_medium_dark_skin_tone	1f468-1f3fe-200d-1f37c
man_feeding_baby_medium_light_skin_tone	1f468-1f3fc-200d-1f37c
man_feeding_baby_medium_skin_tone	1f468-1f3fd-200d-1f37c
man_in_business_suit_levitating	1f574-fe0f
man_in_business_suit_levitating_dark_skin_tone	1f574-1f3ff
man_in_business_suit_levitating_light_skin_tone	1f574-1f3fb
man_in_business_suit_levitating_medium_dark_skin_tone	1f574-1f3fe
man_in_business_suit_levitating_medium_light_skin_tone	1f574-1f3fc
man_in_business_suit_levitating_medium_skin_tone	1f574-1f3fd
man_in_lotus_position	1f9d8-200d-2642-fe0f
man_in_lotus_position_dark_skin_tone	1f9d8-1f3ff-200d-2642-fe0f
man_in_lotus_position_light_skin_tone	1f9d8-1f3fb-200d-2642-fe0f
man_in_lotus_position_medium_dark_skin_tone	1f9d8-1f3fe-200d-2642-fe0f
man_in_lotus_position_medium_light_skin_tone	1f9d8-1f3fc-200d-2642-fe0f
man_in_lotus_position_medium_skin_tone	1f9d8-1f3fd-200d-2642-fe0f
man_in_manual_wheelchair	1f468-200d-1f9bd
man_in_manual_wheelchair_dark_skin_tone	1f468-1f3ff-200d-1f9bd
man_in_manual_wheelchair_facing_right	1f468-200d-1f9bd-200d-27a1-fe0f
man_in_manual_wheelchair_facing_right_dark_skin_tone	1f468-1f3ff-200d-1f9bd-200d-27a1-fe0f
man_in_manual_wheelchair_facing_right_light_skin_tone	1f468-1f3fb-200d-1f9bd-200d-27a1-fe0f
man_in_manual_wheelchair_facing_right_medium_dark_skin_tone	1f468-1f3fe-200d-1f9bd-200d-27a1-fe0f
man_in_manual_wheelchair_facing_right_medium_light_skin_tone	1f468-1f3fc-200d-1f9bd-200d-27a1-fe0f
man_in_manual_wheelchair_facing_right_medium_skin_tone	1f468-1f3fd-200d-1f9bd-200d-27a1-fe0f
man_in_manual_wheelchair_light_skin_tone	1f468-1f3fb-200d-1f9bd
man_in_manual_wheelchair_medium_dark_skin_tone	1f468-1f3fe-200d-1f9bd
man_in_manual_wheelchair_medium_light_skin_tone	1f468-1f3fc-200d-1f9bd
man_in_manual_wheelchair_medium_skin_tone	1f468-1f3fd-200d-1f9bd
man_in_motorized_wheelchair	1f468-200d-1f9bc
man_in_motorized_wheelchair_dark_skin_tone	1f468-1f3ff-200d-1f9bc
man_in_motorized_wheelchair_facing_right	1f468-200d-1f9bc-200d-27a1-fe0f
man_in_motorized_wheelchair_facing_right_dark_skin_tone	1f468-1f3ff-200d-1f9bc-200d-27a1-fe0f
man_in_motorized_wheelchair_facing_right_light_skin_tone	1f468-1f3fb-200d-1f9bc-200d-27a1-fe0f
man_in_motorized_wheelchair_facing_right_medium_dark_skin_tone	1f468-1f3fe-200d-1f9bc-200d-27a1-fe0f
man_in_motorized_wheelchair_facing_right_medium_light_skin_tone	1f468-1f3fc-200d-1f9bc-200d-27a1-fe0f
man_in_motorized_wheelchair_facing_right_medium_skin_tone	1f468-1f3fd-200d-1f9bc-200d-27a1-fe0f
man_in_motorized_wheelchair_light_skin_tone	1f468-1f3fb-200d-1f9bc
man_in_motorized_wheelchair_medium_dark_skin_tone	1f468-1f3fe-200d-1f9bc
man_in_motorized_wheelchair_medium_light_skin_tone	1f468-1f3fc-200d-1f9bc
man_in_motorized_wheelchair_medium_skin_tone	1f468-1f3fd-200d-1f9bc
man_in_steamy_room	1f9d6-200d-2642-fe0f
man_in_steamy_room_dark_skin_tone	1f9d6-1f3ff-200d-2642-fe0f
man_in_steamy_room_light_skin_tone	1f9d6-1f3fb-200d-2642-fe0f
man_in_steamy_room_medium_dark_skin_tone	1f9d6-1f3fe-200d-2642-fe0f
man_in_steamy_room_medium_light_skin_tone	1f9d6-1f3fc-200d-2642-fe0f
man_in_steamy_room_medium_skin_tone	1f9d6-1f3fd-200d-2642-fe0f
man_in_tuxedo	1f935-200d-2642-fe0f
man_in_tuxedo_dark_skin_tone	1f935-1f3ff-200d-2642-fe0f
man_in_tuxedo_light_skin_tone	1f935-1f3fb-200d-2642-fe0f
man_in_tuxedo_medium_dark_skin_tone	1f935-1f3fe-200d-2642-fe0f
man_in_tuxedo_medium_light_skin_tone	1f935-1f3fc-200d-2642-fe0f
man_in_tuxedo_medium_skin_tone	1f935-1f3fd-200d-2642-fe0f
man_kneeling	1f9ce-200d-2642-fe0f
man_kneeling_dark_skin_tone	1f9ce-1f3ff-200d-2642-fe0f
man_kneeling_facing_right	1f9ce-200d-2642-fe0f-200d-27a1-fe0f
man_kneeling_facing_right_dark_skin_tone	1f9ce-1f3ff-200d-2642-fe0f-200d-27a1-fe0f
man_kneeling_facing_right_light_skin_tone	1f9ce-1f3fb-200d-2642-fe0f-200d-27a1-fe0f
man_kneeling_facing_right_medium_dark_skin_tone	1f9ce-1f3fe-200d-2642-fe0f-200d-27a1-fe0f
man_kneeling_facing_right_medium_light_skin_tone	1f9ce-1f3fc-200d-2642-fe0f-200d-27a1-fe0f
man_kneeling_facing_right_medium_skin_tone	1f9ce-1f3fd-200d-2642-fe0f-200d-27a1-fe0f
man_kneeling_light_skin_tone	1f9ce-1f3fb-200d-2642-fe0f
man_kneeling_medium_dark_skin_tone	1f9ce-1f3fe-200d-2642-fe0f
man_kneeling_medium_light_skin_tone	1f9ce-1f3fc-200d-2642-fe0f
man_kneeling_medium_skin_tone	1f9ce-1f3fd-200d-2642-fe0f
man_light_skin_tone	1f468-1f3fb
man_medium_dark_skin_tone	1f468-1f3fe
man_medium_light_skin_tone	1f468-1f3fc
man_medium_skin_tone	1f468-1f3fd
man_running_facing_right	1f3c3-200d-2642-fe0f-200d-27a1-fe0f
man_running_facing_right_dark_skin_tone	1f3c3-1f3ff-200d-2642-fe0f-200d-27a1-fe0f
man_running_facing_right_light_skin_tone	1f3c3-1f3fb-200d-2642-fe0f-200d-27a1-fe0f
man_running_facing_right_medium_dark_skin_tone	1f3c3-1f3fe-200d-2642-fe0f-200d-27a1-fe0f
man_running_facing_right_medium_light_skin_tone	1f3c3-1f3fc-200d-2642-fe0f-200d-27a1-fe0f
man_running_facing_right_medium_skin_tone	1f3c3-1f3fd-200d-2642-fe0f-200d-27a1-fe0f
man_standing	1f9cd-200d-2642-fe0f
man_standing_dark_skin_tone	1f9cd-1f3ff-200d-2642-fe0f
man_standing_light_skin_tone	1f9cd-1f3fb-200d-2642-fe0f
man_standing_medium_dark_skin_tone	1f9cd-1f3fe-200d-2642-fe0f
man_standing_medium_light_skin_tone	1f9cd-1f3fc-200d-2642-fe0f
man_standing_medium_skin_tone	1f9cd-1f3fd-200d-2642-fe0f
man_walking_facing_right	1f6b6-200d-2642-fe0f-200d-27a1-fe0f
man_walking_facing_right_dark_skin_tone	1f6b6-1f3ff-200d-2642-fe0f-200d-27a1-fe0f
man_walking_facing_right_light_skin_tone	1f6b6-1f3fb-200d-2642-fe0f-200d-27a1-fe0f
man_walking_facing_right_medium_dark_skin_tone	1f6b6-1f3fe-200d-2642-fe0f-200d-27a1-fe0f
man_walking_facing_right_medium_light_skin_tone	1f6b6-1f3fc-200d-2642-fe0f-200d-27a1-fe0f
man_walking_facing_right_medium_skin_tone	1f6b6-1f3fd-200d-2642-fe0f-200d-27a1-fe0f
man_with_beard	1f9d4-200d-2642-fe0f
man_with_beard_dark_skin_tone	1f9d4-1f3ff-200d-2642-fe0f
man_with_beard_light_skin_tone	1f9d4-1f3fb-200d-2642-fe0f
man_with_beard_medium_dark_skin_tone	1f9d4-1f3fe-200d-2642-fe0f
man_with_beard_medium_light_skin_tone	1f9d4-1f3fc-200d-2642-fe0f
man_with_beard_medium_skin_tone	1f9d4-1f3fd-200d-2642-fe0f
man_with_gua_pi_mao	1f472
man_with_gua_pi_mao_dark_skin_tone	1f472-1f3ff
man_with_gua_pi_mao_light_skin_tone	1f472-1f3fb
man_with_gua_pi_mao_medium_dark_skin_tone	1f472-1f3fe
man_with_gua_pi_mao_medium_light_skin_tone	1f472-1f3fc
man_with_gua_pi_mao_medium_skin_tone	1f472-1f3fd
man_with_probing_cane	1f468-200d-1f9af
man_with_probing_cane_dark_skin_tone	1f468-1f3ff-200d-1f9af
man_with_probing_cane_light_skin_tone	1f468-1f3fb-200d-1f9af
man_with_probing_cane_medium_dark_skin_tone	1f468-1f3fe-200d-1f9af
man_with_probing_cane_medium_light_skin_tone	1f468-1f3fc-200d-1f9af
man_with_probing_cane_medium_skin_tone	1f468-1f3fd-200d-1f9af
man_with_turban	1f473
man_with_turban_dark_skin_tone	1f473-1f3ff
man_with_turban_light_skin_tone	1f473-1f3fb
man_with_turban_medium_dark_skin_tone	1f473-1f3fe
man_with_turban_medium_light_skin_tone	1f473-1f3fc
man_with_turban_medium_skin_tone	1f473-1f3fd
man_with_veil	1f470-200d-2642-fe0f
man_with_veil_dark_skin_tone	1f470-1f3ff-200d-2642-fe0f
man_with_veil_light_skin_tone	1f470-1f3fb-200d-2642-fe0f
man_with_veil_medium_dark_skin_tone	1f470-1f3fe-200d-2642-fe0f
man_with_veil_medium_light_skin_tone	1f470-1f3fc-200d-2642-fe0f
man_with_veil_medium_skin_tone	1f470-1f3fd-200d-2642-fe0f
man_with_white_cane_facing_right	1f468-200d-1f9af-200d-27a1-fe0f
man_with_white_cane_facing_right_dark_skin_tone	1f468-1f3ff-200d-1f9af-200d-27a1-fe0f
man_with_white_cane_facing_right_light_skin_tone	1f468-1f3fb-200d-1f9af-200d-27a1-fe0f
man_with_white_cane_facing_right_medium_dark_skin_tone	1f468-1f3fe-200d-1f9af-200d-27a1-fe0f
man_with_white_cane_facing_right_medium_light_skin_tone	1f468-1f3fc-200d-1f9af-200d-27a1-fe0f
man_with_white_cane_facing_right_medium_skin_tone	1f468-1f3fd-200d-1f9af-200d-27a1-fe0f
mango	1f96d
mans_shoe	1f45e
mantelpiece_clock	1f570-fe0f
manual_wheelchair	1f9bd
maple_leaf	1f341
maracas	1fa87
martial_arts_uniform	1f94b
mask	1f637
massage	1f486
massage_dark_skin_tone	1f486-1f3ff
massage_light_skin_tone	1f486-1f3fb
massage_medium_dark_skin_tone	1f486-1f3fe
massage_medium_light_skin_tone	1f486-1f3fc
massage_medium_skin_tone	1f486-1f3fd
mate_drink	1f9c9
meat_on_bone	1f356
mechanic	1f9d1-200d-1f527
mechanic_dark_skin_tone	1f9d1-1f3ff-200d-1f527
mechanic_light_skin_tone	1f9d1-1f3fb-200d-1f527
mechanic_medium_dark_skin_tone	1f9d1-1f3fe-200d-1f527
mechanic_medium_light_skin_tone	1f9d1-1f3fc-200d-1f527
mechanic_medium_skin_tone	1f9d1-1f3fd-200d-1f527
mechanical_arm	1f9be
mechanical_leg	1f9bf
medal	1f396-fe0f
medical_symbol	2695-fe0f
mega	1f4e3
melon	1f348
melting_face	1fae0
memo	1f4dd
men-with-bunny-ears-partying	1f46f-200d-2642-fe0f
men-with-bunny-ears-partying_dark_skin_tone	1f46f-1f3ff-200d-2642-fe0f
men-with-bunny-ears-partying_light_skin_tone	1f46f-1f3fb-200d-2642-fe0f
men-with-bunny-ears-partying_medium_dark_skin_tone	1f46f-1f3fe-200d-2642-fe0f
men-with-bunny-ears-partying_medium_light_skin_tone	1f46f-1f3fc-200d-2642-fe0f
men-with-bunny-ears-partying_medium_skin_tone	1f46f-1f3fd-200d-2642-fe0f
men_holding_hands	1f46c
men_holding_hands_dark_skin_tone	1f46c-1f3ff
men_holding_hands_light_skin_tone	1f46c-1f3fb
men_holding_hands_medium_dark_skin_tone	1f46c-1f3fe
men_holding_hands_medium_light_skin_tone	1f46c-1f3fc
men_holding_hands_medium_skin_tone	1f46c-1f3fd
mending_heart	2764-fe0f-200d-1fa79
menorah_with_nine_branches	1f54e
mens	1f6b9
mermaid	1f9dc-200d-2640-fe0f
mermaid_dark_skin_tone	1f9dc-1f3ff-200d-2640-fe0f
mermaid_light_skin_tone	1f9dc-1f3fb-200d-2640-fe0f
mermaid_medium_dark_skin_tone	1f9dc-1f3fe-200d-2640-fe0f
mermaid_medium_light_skin_tone	1f9dc-1f3fc-200d-2640-fe0f
mermaid_medium_skin_tone	1f9dc-1f3fd-200d-2640-fe0f
merman	1f9dc-200d-2642-fe0f
merman_dark_skin_tone	1f9dc-1f3ff-200d-2642-fe0f
merman_light_skin_tone	1f9dc-1f3fb-200d-2642-fe0f
merman_medium_dark_skin_tone	1f9dc-1f3fe-200d-2642-fe0f
merman_medium_light_skin_tone	1f9dc-1f3fc-200d-2642-fe0f
merman_medium_skin_tone	1f9dc-1f3fd-200d-2642-fe0f
merperson	1f9dc
merperson_dark_skin_tone	1f9dc-1f3ff
merperson_light_skin_tone	1f9dc-1f3fb
merperson_medium_dark_skin_tone	1f9dc-1f3fe
merperson_medium_light_skin_tone	1f9dc-1f3fc
merperson_medium_skin_tone	1f9dc-1f3fd
metro	1f687
microbe	1f9a0
microphone	1f3a4
microscope	1f52c
middle_finger	1f595
middle_finger_dark_skin_tone	1f595-1f3ff
middle_finger_light_skin_tone	1f595-1f3fb
middle_finger_medium_dark_skin_tone	1f595-1f3fe
middle_finger_medium_light_skin_tone	1f595-1f3fc
middle_finger_medium_skin_tone	1f595-1f3fd
military_helmet	1fa96
milky_way	1f30c
minibus	1f690
minidisc	1f4bd
mirror	1fa9e
mirror_ball	1faa9
mobile_phone_off	1f4f4
money_mouth_face	1f911
money_with_wings	1f4b8
moneybag	1f4b0
monkey	1f412
monkey_face	1f435
monorail	1f69d
moon	1f314
moon_cake	1f96e
moose	1face
mortar_board	1f393
mosque	1f54c
mosquito	1f99f
mostly_sunny	1f324-fe0f
mother_christmas	1f936
mother_christmas_dark_skin_tone	1f936-1f3ff
mother_christmas_light_skin_tone	1f936-1f3fb
mother_christmas_medium_dark_skin_tone	1f936-1f3fe
mother_christmas_medium_light_skin_tone	1f936-1f3fc
mother_christmas_medium_skin_tone	1f936-1f3fd
motor_boat	1f6e5-fe0f
motor_scooter	1f6f5
motorized_wheelchair	1f9bc
motorway	1f6e3-fe0f
mount_fuji	1f5fb
mountain	26f0-fe0f
mountain_bicyclist	1f6b5
mountain_bicyclist_dark_skin_tone	1f6b5-1f3ff
mountain_bicyclist_light_skin_tone	1f6b5-1f3fb
mountain_bicyclist_medium_dark_skin_tone	1f6b5-1f3fe
mountain_bicyclist_medium_light_skin_tone	1f6b5-1f3fc
mountain_bicyclist_medium_skin_tone	1f6b5-1f3fd
mountain_cableway	1f6a0
mountain_railway	1f69e
mouse	1f42d
mouse2	1f401
mouse_trap	1faa4
movie_camera	1f3a5
moyai	1f5ff
mrs_claus	1f936
mrs_claus_dark_skin_tone	1f936-1f3ff
mrs_claus_light_skin_tone	1f936-1f3fb
mrs_claus_medium_dark_skin_tone	1f936-1f3fe
mrs_claus_medium_light_skin_tone	1f936-1f3fc
mrs_claus_medium_skin_tone	1f936-1f3fd
muscle	1f4aa
muscle_dark_skin_tone	1f4aa-1f3ff
muscle_light_skin_tone	1f4aa-1f3fb
muscle_medium_dark_skin_tone	1f4aa-1f3fe
muscle_medium_light_skin_tone	1f4aa-1f3fc
muscle_medium_skin_tone	1f4aa-1f3fd
mushroom	1f344
musical_keyboard	1f3b9
musical_note	1f3b5
musical_score	1f3bc
mute	1f507
mx_claus	1f9d1-200d-1f384
mx_claus_dark_skin_tone	1f9d1-1f3ff-200d-1f384
mx_claus_light_skin_tone	1f9d1-1f3fb-200d-1f384
mx_claus_medium_dark_skin_tone	1f9d1-1f3fe-200d-1f384
mx_claus_medium_light_skin_tone	1f9d1-1f3fc-200d-1f384
mx_claus_medium_skin_tone	1f9d1-1f3fd-200d-1f384
nail_care	1f485
nail_care_dark_skin_tone	1f485-1f3ff
nail_care_light_skin_tone	1f485-1f3fb
nail_care_medium_dark_skin_tone	1f485-1f3fe
nail_care_medium_light_skin_tone	1f485-1f3fc
nail_care_medium_skin_tone	1f485-1f3fd
name_badge	1f4db
national_park	1f3de-fe0f
nauseated_face	1f922
nazar_amulet	1f9ff
necktie	1f454
negative_squared_cross_mark	274e
nerd_face	1f913
nest_with_eggs	1faba
nesting_dolls	1fa86
neutral_face	1f610
new	1f195
new_moon	1f311
new_moon_with_face	1f31a
newspaper	1f4f0
ng	1f196
night_with_stars	1f303
nine	0039-fe0f-20e3
ninja	1f977
ninja_dark_skin_tone	1f977-1f3ff
ninja_light_skin_tone	1f977-1f3fb
ninja_medium_dark_skin_tone	1f977-1f3fe
ninja_medium_light_skin_tone	1f977-1f3fc
ninja_medium_skin_tone	1f977-1f3fd
no_bell	1f515
no_bicycles	1f6b3
no_entry	26d4
no_entry_sign	1f6ab
no_good	1f645
no_good_dark_skin_tone	1f645-1f3ff
no_good_light_skin_tone	1f645-1f3fb
no_good_medium_dark_skin_tone	1f645-1f3fe
no_good_medium_light_skin_tone	1f645-1f3fc
no_good_medium_skin_tone	1f645-1f3fd
no_mobile_phones	1f4f5
no_mouth	1f636
no_pedestrians	1f6b7
no_smoking	1f6ad
non-potable_water	1f6b1
nose	1f443
nose_dark_skin_tone	1f443-1f3ff
nose_light_skin_tone	1f443-1f3fb
nose_medium_dark_skin_tone	1f443-1f3fe
nose_medium_light_skin_tone	1f443-1f3fc
nose_medium_skin_tone	1f443-1f3fd
notebook	1f4d3
notebook_with_decorative_cover	1f4d4
notes	1f3b6
nut_and_bolt	1f529
o	2b55
o2	1f17e-fe0f
ocean	1f30a
octagonal_sign	1f6d1
octopus	1f419
oden	1f362
office	1f3e2
office_worker	1f9d1-200d-1f4bc
office_worker_dark_skin_tone	1f9d1-1f3ff-200d-1f4bc
office_worker_light_skin_tone	1f9d1-1f3fb-200d-1f4bc
office_worker_medium_dark_skin_tone	1f9d1-1f3fe-200d-1f4bc
office_worker_medium_light_skin_tone	1f9d1-1f3fc-200d-1f4bc
office_worker_medium_skin_tone	1f9d1-1f3fd-200d-1f4bc
oil_drum	1f6e2-fe0f
ok	1f197
ok_hand	1f44c
ok_hand_dark_skin_tone	1f44c-1f3ff
ok_hand_light_skin_tone	1f44c-1f3fb
ok_hand_medium_dark_skin_tone	1f44c-1f3fe
ok_hand_medium_light_skin_tone	1f44c-1f3fc
ok_hand_medium_skin_tone	1f44c-1f3fd
ok_woman	1f646
ok_woman_dark_skin_tone	1f646-1f3ff
ok_woman_light_skin_tone	1f646-1f3fb
ok_woman_medium_dark_skin_tone	1f646-1f3fe
ok_woman_medium_light_skin_tone	1f646-1f3fc
ok_woman_medium_skin_tone	1f646-1f3fd
old_key	1f5dd-fe0f
older_adult	1f9d3
older_adult_dark_skin_tone	1f9d3-1f3ff
older_adult_light_skin_tone	1f9d3-1f3fb
older_adult_medium_dark_skin_tone	1f9d3-1f3fe
older_adult_medium_light_skin_tone	1f9d3-1f3fc
older_adult_medium_skin_tone	1f9d3-1f3fd
older_man	1f474
older_man_dark_skin_tone	1f474-1f3ff
older_man_light_skin_tone	1f474-1f3fb
older_man_medium_dark_skin_tone	1f474-1f3fe
older_man_medium_light_skin_tone	1f474-1f3fc
older_man_medium_skin_tone	1f474-1f3fd
older_woman	1f475
older_woman_dark_skin_tone	1f475-1f3ff
older_woman_light_skin_tone	1f475-1f3fb
older_woman_medium_dark_skin_tone	1f475-1f3fe
older_woman_medium_light_skin_tone	1f475-1f3fc
older_woman_medium_skin_tone	1f475-1f3fd
olive	1fad2
om_symbol	1f549-fe0f
on	1f51b
oncoming_automobile	1f698
oncoming_bus	1f68d
oncoming_police_car	1f694
oncoming_taxi	1f696
one	0031-fe0f-20e3
one-piece_swimsuit	1fa71
onion	1f9c5
open_book	1f4d6
open_file_folder	1f4c2
open_hands	1f450
open_hands_dark_skin_tone	1f450-1f3ff
open_hands_light_skin_tone	1f450-1f3fb
open_hands_medium_dark_skin_tone	1f450-1f3fe
open_hands_medium_light_skin_tone	1f450-1f3fc
open_hands_medium_skin_tone	1f450-1f3fd
open_mouth	1f62e
ophiuchus	26ce
orange_book	1f4d9
orange_heart	1f9e1
orangutan	1f9a7
orca	1facd
orthodox_cross	2626-fe0f
otter	1f9a6
outbox_tray	1f4e4
owl	1f989
ox	1f402
oyster	1f9aa
package	1f4e6
page_facing_up	1f4c4
page_with_curl	1f4c3
pager	1f4df
palm_down_hand	1faf3
palm_down_hand_dark_skin_tone	1faf3-1f3ff
palm_down_hand_light_skin_tone	1faf3-1f3fb
palm_down_hand_medium_dark_skin_tone	1faf3-1f3fe
palm_down_hand_medium_light_skin_tone	1faf3-1f3fc
palm_down_hand_medium_skin_tone	1faf3-1f3fd
palm_tree	1f334
palm_up_hand	1faf4
palm_up_hand_dark_skin_tone	1faf4-1f3ff
palm_up_hand_light_skin_tone	1faf4-1f3fb
palm_up_hand_medium_dark_skin_tone	1faf4-1f3fe
palm_up_hand_medium_light_skin_tone	1faf4-1f3fc
palm_up_hand_medium_skin_tone	1faf4-1f3fd
palms_up_together	1f932
palms_up_together_dark_skin_tone	1f932-1f3ff
palms_up_together_light_skin_tone	1f932-1f3fb
palms_up_together_medium_dark_skin_tone	1f932-1f3fe
palms_up_together_medium_light_skin_tone	1f932-1f3fc
palms_up_together_medium_skin_tone	1f932-1f3fd
pancakes	1f95e
panda_face	1f43c
paperclip	1f4ce
parachute	1fa82
parking	1f17f-fe0f
parrot	1f99c
part_alternation_mark	303d-fe0f
partly_sunny	26c5
partly_sunny_rain	1f326-fe0f
partying_face	1f973
passenger_ship	1f6f3-fe0f
passport_control	1f6c2
paw_prints	1f43e
pea_pod	1fadb
peace_symbol	262e-fe0f
peach	1f351
peacock	1f99a
peanuts	1f95c
pear	1f350
pencil	1f4dd
pencil2	270f-fe0f
penguin	1f427
pensive	1f614
people_holding_hands	1f9d1-200d-1f91d-200d-1f9d1
people_hugging	1fac2
performing_arts	1f3ad
persevere	1f623
person_climbing	1f9d7
person_climbing_dark_skin_tone	1f9d7-1f3ff
person_climbing_light_skin_tone	1f9d7-1f3fb
person_climbing_medium_dark_skin_tone	1f9d7-1f3fe
person_climbing_medium_light_skin_tone	1f9d7-1f3fc
person_climbing_medium_skin_tone	1f9d7-1f3fd
person_doing_cartwheel	1f938
person_doing_cartwheel_dark_skin_tone	1f938-1f3ff
person_doing_cartwheel_light_skin_tone	1f938-1f3fb
person_doing_cartwheel_medium_dark_skin_tone	1f938-1f3fe
person_doing_cartwheel_medium_light_skin_tone	1f938-1f3fc
person_doing_cartwheel_medium_skin_tone	1f938-1f3fd
person_feeding_baby	1f9d1-200d-1f37c
person_feeding_baby_dark_skin_tone	1f9d1-1f3ff-200d-1f37c
person_feeding_baby_light_skin_tone	1f9d1-1f3fb-200d-1f37c
person_feeding_baby_medium_dark_skin_tone	1f9d1-1f3fe-200d-1f37c
person_feeding_baby_medium_light_skin_tone	1f9d1-1f3fc-200d-1f37c
person_feeding_baby_medium_skin_tone	1f9d1-1f3fd-200d-1f37c
person_frowning	1f64d
person_frowning_dark_skin_tone	1f64d-1f3ff
person_frowning_light_skin_tone	1f64d-1f3fb
person_frowning_medium_dark_skin_tone	1f64d-1f3fe
person_frowning_medium_light_skin_tone	1f64d-1f3fc
person_frowning_medium_skin_tone	1f64d-1f3fd
person_in_lotus_position	1f9d8
person_in_lotus_position_dark_skin_tone	1f9d8-1f3ff
person_in_lotus_position_light_skin_tone	1f9d8-1f3fb
person_in_lotus_position_medium_dark_skin_tone	1f9d8-1f3fe
person_in_lotus_position_medium_light_skin_tone	1f9d8-1f3fc
person_in_lotus_position_medium_skin_tone	1f9d8-1f3fd
person_in_manual_wheelchair	1f9d1-200d-1f9bd
person_in_manual_wheelchair_dark_skin_tone	1f9d1-1f3ff-200d-1f9bd
person_in_manual_wheelchair_facing_right	1f9d1-200d-1f9bd-200d-27a1-fe0f
person_in_manual_wheelchair_facing_right_dark_skin_tone	1f9d1-1f3ff-200d-1f9bd-200d-27a1-fe0f
person_in_manual_wheelchair_facing_right_light_skin_tone	1f9d1-1f3fb-200d-1f9bd-200d-27a1-fe0f
person_in_manual_wheelchair_facing_right_medium_dark_skin_tone	1f9d1-1f3fe-200d-1f9bd-200d-27a1-fe0f
person_in_manual_wheelchair_facing_right_medium_light_skin_tone	1f9d1-1f3fc-200d-1f9bd-200d-27a1-fe0f
person_in_manual_wheelchair_facing_right_medium_skin_tone	1f9d1-1f3fd-200d-1f9bd-200d-27a1-fe0f
person_in_manual_wheelchair_light_skin_tone	1f9d1-1f3fb-200d-1f9bd
person_in_manual_wheelchair_medium_dark_skin_tone	1f9d1-1f3fe-200d-1f9bd
person_in_manual_wheelchair_medium_light_skin_tone	1f9d1-1f3fc-200d-1f9bd
person_in_manual_wheelchair_medium_skin_tone	1f9d1-1f3fd-200d-1f9bd
person_in_motorized_wheelchair	1f9d1-200d-1f9bc
person_in_motorized_wheelchair_dark_skin_tone	1f9d1-1f3ff-200d-1f9bc
person_in_motorized_wheelchair_facing_right	1f9d1-200d-1f9bc-200d-27a1-fe0f
person_in_motorized_wheelchair_facing_right_dark_skin_tone	1f9d1-1f3ff-200d-1f9bc-200d-27a1-fe0f
person_in_motorized_wheelchair_facing_right_light_skin_tone	1f9d1-1f3fb-200d-1f9bc-200d-27a1-fe0f
person_in_motorized_wheelchair_facing_right_medium_dark_skin_tone	1f9d1-1f3fe-200d-1f9bc-200d-27a1-fe0f
person_in_motorized_wheelchair_facing_right_medium_light_skin_tone	1f9d1-1f3fc-200d-1f9bc-200d-27a1-fe0f
person_in_motorized_wheelchair_facing_right_medium_skin_tone	1f9d1-1f3fd-200d-1f9bc-200d-27a1-fe0f
person_in_motorized_wheelchair_light_skin_tone	1f9d1-1f3fb-200d-1f9bc
person_in_motorized_wheelchair_medium_dark_skin_tone	1f9d1-1f3fe-200d-1f9bc
person_in_motorized_wheelchair_medium_light_skin_tone	1f9d1-1f3fc-200d-1f9bc
person_in_motorized_wheelchair_medium_skin_tone	1f9d1-1f3fd-200d-1f9bc
person_in_steamy_room	1f9d6
person_in_steamy_room_dark_skin_tone	1f9d6-1f3ff
person_in_steamy_room_light_skin_tone	1f9d6-1f3fb
person_in_steamy_room_medium_dark_skin_tone	1f9d6-1f3fe
person_in_steamy_room_medium_light_skin_tone	1f9d6-1f3fc
person_in_steamy_room_medium_skin_tone	1f9d6-1f3fd
person_in_tuxedo	1f935
person_in_tuxedo_dark_skin_tone	1f935-1f3ff
person_in_tuxedo_light_skin_tone	1f935-1f3fb
person_in_tuxedo_medium_dark_skin_tone	1f935-1f3fe
person_in_tuxedo_medium_light_skin_tone	1f935-1f3fc
person_in_tuxedo_medium_skin_tone	1f935-1f3fd
person_kneeling_facing_right	1f9ce-200d-27a1-fe0f
person_kneeling_facing_right_dark_skin_tone	1f9ce-1f3ff-200d-27a1-fe0f
person_kneeling_facing_right_light_skin_tone	1f9ce-1f3fb-200d-27a1-fe0f
person_kneeling_facing_right_medium_dark_skin_tone	1f9ce-1f3fe-200d-27a1-fe0f
person_kneeling_facing_right_medium_light_skin_tone	1f9ce-1f3fc-200d-27a1-fe0f
person_kneeling_facing_right_medium_skin_tone	1f9ce-1f3fd-200d-27a1-fe0f
person_running_facing_right	1f3c3-200d-27a1-fe0f
person_running_facing_right_dark_skin_tone	1f3c3-1f3ff-200d-27a1-fe0f
person_running_facing_right_light_skin_tone	1f3c3-1f3fb-200d-27a1-fe0f
person_running_facing_right_medium_dark_skin_tone	1f3c3-1f3fe-200d-27a1-fe0f
person_running_facing_right_medium_light_skin_tone	1f3c3-1f3fc-200d-27a1-fe0f
person_running_facing_right_medium_skin_tone	1f3c3-1f3fd-200d-27a1-fe0f
person_walking_facing_right	1f6b6-200d-27a1-fe0f
person_walking_facing_right_dark_skin_tone	1f6b6-1f3ff-200d-27a1-fe0f
person_walking_facing_right_light_skin_tone	1f6b6-1f3fb-200d-27a1-fe0f
person_walking_facing_right_medium_dark_skin_tone	1f6b6-1f3fe-200d-27a1-fe0f
person_walking_facing_right_medium_light_skin_tone	1f6b6-1f3fc-200d-27a1-fe0f
person_walking_facing_right_medium_skin_tone	1f6b6-1f3fd-200d-27a1-fe0f
person_with_ball	26f9-fe0f
person_with_ball_dark_skin_tone	26f9-1f3ff
person_with_ball_light_skin_tone	26f9-1f3fb
person_with_ball_medium_dark_skin_tone	26f9-1f3fe
person_with_ball_medium_light_skin_tone	26f9-1f3fc
person_with_ball_medium_skin_tone	26f9-1f3fd
person_with_blond_hair	1f471
person_with_blond_hair_dark_skin_tone	1f471-1f3ff
person_with_blond_hair_light_skin_tone	1f471-1f3fb
person_with_blond_hair_medium_dark_skin_tone	1f471-1f3fe
person_with_blond_hair_medium_light_skin_tone	1f471-1f3fc
person_with_blond_hair_medium_skin_tone	1f471-1f3fd
person_with_crown	1fac5
person_with_crown_dark_skin_tone	1fac5-1f3ff
person_with_crown_light_skin_tone	1fac5-1f3fb
person_with_crown_medium_dark_skin_tone	1fac5-1f3fe
person_with_crown_medium_light_skin_tone	1fac5-1f3fc
person_with_crown_medium_skin_tone	1fac5-1f3fd
person_with_headscarf	1f9d5
person_with_headscarf_dark_skin_tone	1f9d5-1f3ff
person_with_headscarf_light_skin_tone	1f9d5-1f3fb
person_with_headscarf_medium_dark_skin_tone	1f9d5-1f3fe
person_with_headscarf_medium_light_skin_tone	1f9d5-1f3fc
person_with_headscarf_medium_skin_tone	1f9d5-1f3fd
person_with_pouting_face	1f64e
person_with_pouting_face_dark_skin_tone	1f64e-1f3ff
person_with_pouting_face_light_skin_tone	1f64e-1f3fb
person_with_pouting_face_medium_dark_skin_tone	1f64e-1f3fe
person_with_pouting_face_medium_light_skin_tone	1f64e-1f3fc
person_with_pouting_face_medium_skin_tone	1f64e-1f3fd
person_with_probing_cane	1f9d1-200d-1f9af
person_with_probing_cane_dark_skin_tone	1f9d1-1f3ff-200d-1f9af
person_with_probing_cane_light_skin_tone	1f9d1-1f3fb-200d-1f9af
person_with_probing_cane_medium_dark_skin_tone	1f9d1-1f3fe-200d-1f9af
person_with_probing_cane_medium_light_skin_tone	1f9d1-1f3fc-200d-1f9af
person_with_probing_cane_medium_skin_tone	1f9d1-1f3fd-200d-1f9af
person_with_white_cane_facing_right	1f9d1-200d-1f9af-200d-27a1-fe0f
person_with_white_cane_facing_right_dark_skin_tone	1f9d1-1f3ff-200d-1f9af-200d-27a1-fe0f
person_with_white_cane_facing_right_light_skin_tone	1f9d1-1f3fb-200d-1f9af-200d-27a1-fe0f
person_with_white_cane_facing_right_medium_dark_skin_tone	1f9d1-1f3fe-200d-1f9af-200d-27a1-fe0f
person_with_white_cane_facing_right_medium_light_skin_tone	1f9d1-1f3fc-200d-1f9af-200d-27a1-fe0f
person_with_white_cane_facing_right_medium_skin_tone	1f9d1-1f3fd-200d-1f9af-200d-27a1-fe0f
petri_dish	1f9eb
phoenix	1f426-200d-1f525
phone	260e-fe0f
pick	26cf-fe0f
pickup_truck	1f6fb
pie	1f967
pig	1f437
pig2	1f416
pig_nose	1f43d
pill	1f48a
pilot	1f9d1-200d-2708-fe0f
pilot_dark_skin_tone	1f9d1-1f3ff-200d-2708-fe0f
pilot_light_skin_tone	1f9d1-1f3fb-200d-2708-fe0f
pilot_medium_dark_skin_tone	1f9d1-1f3fe-200d-2708-fe0f
pilot_medium_light_skin_tone	1f9d1-1f3fc-200d-2708-fe0f
pilot_medium_skin_tone	1f9d1-1f3fd-200d-2708-fe0f
pinata	1fa85
pinched_fingers	1f90c
pinched_fingers_dark_skin_tone	1f90c-1f3ff
pinched_fingers_light_skin_tone	1f90c-1f3fb
pinched_fingers_medium_dark_skin_tone	1f90c-1f3fe
pinched_fingers_medium_light_skin_tone	1f90c-1f3fc
pinched_fingers_medium_skin_tone	1f90c-1f3fd
pinching_hand	1f90f
pinching_hand_dark_skin_tone	1f90f-1f3ff
pinching_hand_light_skin_tone	1f90f-1f3fb
pinching_hand_medium_dark_skin_tone	1f90f-1f3fe
pinching_hand_medium_light_skin_tone	1f90f-1f3fc
pinching_hand_medium_skin_tone	1f90f-1f3fd
pineapple	1f34d
pink_heart	1fa77
pirate_flag	1f3f4-200d-2620-fe0f
pisces	2653
pizza	1f355
placard	1faa7
place_of_worship	1f6d0
playground_slide	1f6dd
pleading_face	1f97a
plunger	1faa0
point_down	1f447
point_down_dark_skin_tone	1f447-1f3ff
point_down_light_skin_tone	1f447-1f3fb
point_down_medium_dark_skin_tone	1f447-1f3fe
point_down_medium_light_skin_tone	1f447-1f3fc
point_down_medium_skin_tone	1f447-1f3fd
point_left	1f448
point_left_dark_skin_tone	1f448-1f3ff
point_left_light_skin_tone	1f448-1f3fb
point_left_medium_dark_skin_tone	1f448-1f3fe
point_left_medium_light_skin_tone	1f448-1f3fc
point_left_medium_skin_tone	1f448-1f3fd
point_right	1f449
point_right_dark_skin_tone	1f449-1f3ff
point_right_light_skin_tone	1f449-1f3fb
point_right_medium_dark_skin_tone	1f449-1f3fe
point_right_medium_light_skin_tone	1f449-1f3fc
point_right_medium_skin_tone	1f449-1f3fd
point_up	261d-fe0f
point_up_2	1f446
point_up_2_dark_skin_tone	1f446-1f3ff
point_up_2_light_skin_tone	1f446-1f3fb
point_up_2_medium_dark_skin_tone	1f446-1f3fe
point_up_2_medium_light_skin_tone	1f446-1f3fc
point_up_2_medium_skin_tone	1f446-1f3fd
point_up_dark_skin_tone	261d-1f3ff
point_up_light_skin_tone	261d-1f3fb
point_up_medium_dark_skin_tone	261d-1f3fe
point_up_medium_light_skin_tone	261d-1f3fc
point_up_medium_skin_tone	261d-1f3fd
polar_bear	1f43b-200d-2744-fe0f
police_car	1f693
poodle	1f429
poop	1f4a9
popcorn	1f37f
post_office	1f3e3
postal_horn	1f4ef
postbox	1f4ee
potable_water	1f6b0
potato	1f954
potted_plant	1fab4
pouch	1f45d
poultry_leg	1f357
pound	1f4b7
pouring_liquid	1fad7
pouting_cat	1f63e
pray	1f64f
pray_dark_skin_tone	1f64f-1f3ff
pray_light_skin_tone	1f64f-1f3fb
pray_medium_dark_skin_tone	1f64f-1f3fe
pray_medium_light_skin_tone	1f64f-1f3fc
pray_medium_skin_tone	1f64f-1f3fd
prayer_beads	1f4ff
pregnant_man	1fac3
pregnant_man_dark_skin_tone	1fac3-1f3ff
pregnant_man_light_skin_tone	1fac3-1f3fb
pregnant_man_medium_dark_skin_tone	1fac3-1f3fe
pregnant_man_medium_light_skin_tone	1fac3-1f3fc
pregnant_man_medium_skin_tone	1fac3-1f3fd
pregnant_person	1fac4
pregnant_person_dark_skin_tone	1fac4-1f3ff
pregnant_person_light_skin_tone	1fac4-1f3fb
pregnant_person_medium_dark_skin_tone	1fac4-1f3fe
pregnant_person_medium_light_skin_tone	1fac4-1f3fc
pregnant_person_medium_skin_tone	1fac4-1f3fd
pregnant_woman	1f930
pregnant_woman_dark_skin_tone	1f930-1f3ff
pregnant_woman_light_skin_tone	1f930-1f3fb
pregnant_woman_medium_dark_skin_tone	1f930-1f3fe
pregnant_woman_medium_light_skin_tone	1f930-1f3fc
pregnant_woman_medium_skin_tone	1f930-1f3fd
pretzel	1f968
prince	1f934
prince_dark_skin_tone	1f934-1f3ff
prince_light_skin_tone	1f934-1f3fb
prince_medium_dark_skin_tone	1f934-1f3fe
prince_medium_light_skin_tone	1f934-1f3fc
prince_medium_skin_tone	1f934-1f3fd
princess	1f478
princess_dark_skin_tone	1f478-1f3ff
princess_light_skin_tone	1f478-1f3fb
princess_medium_dark_skin_tone	1f478-1f3fe
princess_medium_light_skin_tone	1f478-1f3fc
princess_medium_skin_tone	1f478-1f3fd
printer	1f5a8-fe0f
probing_cane	1f9af
punch	1f44a
punch_dark_skin_tone	1f44a-1f3ff
punch_light_skin_tone	1f44a-1f3fb
punch_medium_dark_skin_tone	1f44a-1f3fe
punch_medium_light_skin_tone	1f44a-1f3fc
punch_medium_skin_tone	1f44a-1f3fd
purple_heart	1f49c
purse	1f45b
pushpin	1f4cc
put_litter_in_its_place	1f6ae
question	2753
rabbit	1f430
rabbit2	1f407
raccoon	1f99d
racehorse	1f40e
racing_car	1f3ce-fe0f
racing_motorcycle	1f3cd-fe0f
radio	1f4fb
radio_button	1f518
radioactive_sign	2622-fe0f
rage	1f621
railway_car	1f683
railway_track	1f6e4-fe0f
rain_cloud	1f327-fe0f
rainbow	1f308
rainbow-flag	1f3f3-fe0f-200d-1f308
raised_back_of_hand	1f91a
raised_back_of_hand_dark_skin_tone	1f91a-1f3ff
raised_back_of_hand_light_skin_tone	1f91a-1f3fb
raised_back_of_hand_medium_dark_skin_tone	1f91a-1f3fe
raised_back_of_hand_medium_light_skin_tone	1f91a-1f3fc
raised_back_of_hand_medium_skin_tone	1f91a-1f3fd
raised_hand	270b
raised_hand_dark_skin_tone	270b-1f3ff
raised_hand_light_skin_tone	270b-1f3fb
raised_hand_medium_dark_skin_tone	270b-1f3fe
raised_hand_medium_light_skin_tone	270b-1f3fc
raised_hand_medium_skin_tone	270b-1f3fd
raised_hand_with_fingers_splayed	1f590-fe0f
raised_hand_with_fingers_splayed_dark_skin_tone	1f590-1f3ff
raised_hand_with_fingers_splayed_light_skin_tone	1f590-1f3fb
raised_hand_with_fingers_splayed_medium_dark_skin_tone	1f590-1f3fe
raised_hand_with_fingers_splayed_medium_light_skin_tone	1f590-1f3fc
raised_hand_with_fingers_splayed_medium_skin_tone	1f590-1f3fd
raised_hands	1f64c
raised_hands_dark_skin_tone	1f64c-1f3ff
raised_hands_light_skin_tone	1f64c-1f3fb
raised_hands_medium_dark_skin_tone	1f64c-1f3fe
raised_hands_medium_light_skin_tone	1f64c-1f3fc
raised_hands_medium_skin_tone	1f64c-1f3fd
raising_hand	1f64b
raising_hand_dark_skin_tone	1f64b-1f3ff
raising_hand_light_skin_tone	1f64b-1f3fb
raising_hand_medium_dark_skin_tone	1f64b-1f3fe
raising_hand_medium_light_skin_tone	1f64b-1f3fc
raising_hand_medium_skin_tone	1f64b-1f3fd
ram	1f40f
ramen	1f35c
rat	1f400
razor	1fa92
receipt	1f9fe
recycle	267b-fe0f
red_car	1f697
red_circle	1f534
red_envelope	1f9e7
red_haired_man	1f468-200d-1f9b0
red_haired_man_dark_skin_tone	1f468-1f3ff-200d-1f9b0
red_haired_man_light_skin_tone	1f468-1f3fb-200d-1f9b0
red_haired_man_medium_dark_skin_tone	1f468-1f3fe-200d-1f9b0
red_haired_man_medium_light_skin_tone	1f468-1f3fc-200d-1f9b0
red_haired_man_medium_skin_tone	1f468-1f3fd-200d-1f9b0
red_haired_person	1f9d1-200d-1f9b0
red_haired_person_dark_skin_tone	1f9d1-1f3ff-200d-1f9b0
red_haired_person_light_skin_tone	1f9d1-1f3fb-200d-1f9b0
red_haired_person_medium_dark_skin_tone	1f9d1-1f3fe-200d-1f9b0
red_haired_person_medium_light_skin_tone	1f9d1-1f3fc-200d-1f9b0
red_haired_person_medium_skin_tone	1f9d1-1f3fd-200d-1f9b0
red_haired_woman	1f469-200d-1f9b0
red_haired_woman_dark_skin_tone	1f469-1f3ff-200d-1f9b0
red_haired_woman_light_skin_tone	1f469-1f3fb-200d-1f9b0
red_haired_woman_medium_dark_skin_tone	1f469-1f3fe-200d-1f9b0
red_haired_woman_medium_light_skin_tone	1f469-1f3fc-200d-1f9b0
red_haired_woman_medium_skin_tone	1f469-1f3fd-200d-1f9b0
registered	00ae-fe0f
relaxed	263a-fe0f
relieved	1f60c
reminder_ribbon	1f397-fe0f
repeat	1f501
repeat_one	1f502
restroom	1f6bb
reversed_hand_with_middle_finger_extended	1f595
reversed_hand_with_middle_finger_extended_dark_skin_tone	1f595-1f3ff
reversed_hand_with_middle_finger_extended_light_skin_tone	1f595-1f3fb
reversed_hand_with_middle_finger_extended_medium_dark_skin_tone	1f595-1f3fe
reversed_hand_with_middle_finger_extended_medium_light_skin_tone	1f595-1f3fc
reversed_hand_with_middle_finger_extended_medium_skin_tone	1f595-1f3fd
revolving_hearts	1f49e
rewind	23ea
rhinoceros	1f98f
ribbon	1f380
rice	1f35a
rice_ball	1f359
rice_cracker	1f358
rice_scene	1f391
right-facing_fist	1f91c
right-facing_fist_dark_skin_tone	1f91c-1f3ff
right-facing_fist_light_skin_tone	1f91c-1f3fb
right-facing_fist_medium_dark_skin_tone	1f91c-1f3fe
right-facing_fist_medium_light_skin_tone	1f91c-1f3fc
right-facing_fist_medium_skin_tone	1f91c-1f3fd
right_anger_bubble	1f5ef-fe0f
rightwards_hand	1faf1
rightwards_hand_dark_skin_tone	1faf1-1f3ff
rightwards_hand_light_skin_tone	1faf1-1f3fb
rightwards_hand_medium_dark_skin_tone	1faf1-1f3fe
rightwards_hand_medium_light_skin_tone	1faf1-1f3fc
rightwards_hand_medium_skin_tone	1faf1-1f3fd
rightwards_pushing_hand	1faf8
rightwards_pushing_hand_dark_skin_tone	1faf8-1f3ff
rightwards_pushing_hand_light_skin_tone	1faf8-1f3fb
rightwards_pushing_hand_medium_dark_skin_tone	1faf8-1f3fe
rightwards_pushing_hand_medium_light_skin_tone	1faf8-1f3fc
rightwards_pushing_hand_medium_skin_tone	1faf8-1f3fd
ring	1f48d
ring_buoy	1f6df
ringed_planet	1fa90
robot_face	1f916
rock	1faa8
rocket	1f680
roll_of_paper	1f9fb
rolled_up_newspaper	1f5de-fe0f
roller_coaster	1f3a2
roller_skate	1f6fc
rolling_on_the_floor_laughing	1f923
rooster	1f413
root_vegetable	1fadc
rose	1f339
rosette	1f3f5-fe0f
rotating_light	1f6a8
round_pushpin	1f4cd
rowboat	1f6a3
rowboat_dark_skin_tone	1f6a3-1f3ff
rowboat_light_skin_tone	1f6a3-1f3fb
rowboat_medium_dark_skin_tone	1f6a3-1f3fe
rowboat_medium_light_skin_tone	1f6a3-1f3fc
rowboat_medium_skin_tone	1f6a3-1f3fd
ru	1f1f7-1f1fa
rugby_football	1f3c9
runner	1f3c3
runner_dark_skin_tone	1f3c3-1f3ff
runner_light_skin_tone	1f3c3-1f3fb
runner_medium_dark_skin_tone	1f3c3-1f3fe
runner_medium_light_skin_tone	1f3c3-1f3fc
runner_medium_skin_tone	1f3c3-1f3fd
running	1f3c3
running_dark_skin_tone	1f3c3-1f3ff
running_light_skin_tone	1f3c3-1f3fb
running_medium_dark_skin_tone	1f3c3-1f3fe
running_medium_light_skin_tone	1f3c3-1f3fc
running_medium_skin_tone	1f3c3-1f3fd
running_shirt_with_sash	1f3bd
sa	1f202-fe0f
safety_pin	1f9f7
safety_vest	1f9ba
sagittarius	2650
sailboat	26f5
sake	1f376
salt	1f9c2
saluting_face	1fae1
sandal	1f461
sandwich	1f96a
santa	1f385
santa_dark_skin_tone	1f385-1f3ff
santa_light_skin_tone	1f385-1f3fb
santa_medium_dark_skin_tone	1f385-1f3fe
santa_medium_light_skin_tone	1f385-1f3fc
santa_medium_skin_tone	1f385-1f3fd
sari	1f97b
satellite	1f6f0-fe0f
satellite_antenna	1f4e1
satisfied	1f606
sauropod	1f995
saxophone	1f3b7
scales	2696-fe0f
scarf	1f9e3
school	1f3eb
school_satchel	1f392
scientist	1f9d1-200d-1f52c
scientist_dark_skin_tone	1f9d1-1f3ff-200d-1f52c
scientist_light_skin_tone	1f9d1-1f3fb-200d-1f52c
scientist_medium_dark_skin_tone	1f9d1-1f3fe-200d-1f52c
scientist_medium_light_skin_tone	1f9d1-1f3fc-200d-1f52c
scientist_medium_skin_tone	1f9d1-1f3fd-200d-1f52c
scissors	2702-fe0f
scooter	1f6f4
scorpion	1f982
scorpius	264f
scream	1f631
scream_cat	1f640
screwdriver	1fa9b
scroll	1f4dc
seal	1f9ad
seat	1f4ba
second_place_medal	1f948
secret	3299-fe0f
see_no_evil	1f648
seedling	1f331
selfie	1f933
selfie_dark_skin_tone	1f933-1f3ff
selfie_light_skin_tone	1f933-1f3fb
selfie_medium_dark_skin_tone	1f933-1f3fe
selfie_medium_light_skin_tone	1f933-1f3fc
selfie_medium_skin_tone	1f933-1f3fd
serious_face_with_symbols_covering_mouth	1f92c
service_dog	1f415-200d-1f9ba
seven	0037-fe0f-20e3
sewing_needle	1faa1
shaking_face	1fae8
shallow_pan_of_food	1f958
shamrock	2618-fe0f
shark	1f988
shaved_ice	1f367
sheep	1f411
shell	1f41a
shield	1f6e1-fe0f
shinto_shrine	26e9-fe0f
ship	1f6a2
shirt	1f455
shit	1f4a9
shocked_face_with_exploding_head	1f92f
shoe	1f45e
shopping_bags	1f6cd-fe0f
shopping_trolley	1f6d2
shorts	1fa73
shovel	1fa8f
shower	1f6bf
shrimp	1f990
shrug	1f937
shrug_dark_skin_tone	1f937-1f3ff
shrug_light_skin_tone	1f937-1f3fb
shrug_medium_dark_skin_tone	1f937-1f3fe
shrug_medium_light_skin_tone	1f937-1f3fc
shrug_medium_skin_tone	1f937-1f3fd
shushing_face	1f92b
sign_of_the_horns	1f918
sign_of_the_horns_dark_skin_tone	1f918-1f3ff
sign_of_the_horns_light_skin_tone	1f918-1f3fb
sign_of_the_horns_medium_dark_skin_tone	1f918-1f3fe
sign_of_the_horns_medium_light_skin_tone	1f918-1f3fc
sign_of_the_horns_medium_skin_tone	1f918-1f3fd
signal_strength	1f4f6
singer	1f9d1-200d-1f3a4
singer_dark_skin_tone	1f9d1-1f3ff-200d-1f3a4
singer_light_skin_tone	1f9d1-1f3fb-200d-1f3a4
singer_medium_dark_skin_tone	1f9d1-1f3fe-200d-1f3a4
singer_medium_light_skin_tone	1f9d1-1f3fc-200d-1f3a4
singer_medium_skin_tone	1f9d1-1f3fd-200d-1f3a4
six	0036-fe0f-20e3
six_pointed_star	1f52f
skateboard	1f6f9
ski	1f3bf
skier	26f7-fe0f
skin-tone-2	1f3fb
skin-tone-3	1f3fc
skin-tone-4	1f3fd
skin-tone-5	1f3fe
skin-tone-6	1f3ff
skull	1f480
skull_and_crossbones	2620-fe0f
skunk	1f9a8
sled	1f6f7
sleeping	1f634
sleeping_accommodation	1f6cc
sleeping_accommodation_dark_skin_tone	1f6cc-1f3ff
sleeping_accommodation_light_skin_tone	1f6cc-1f3fb
sleeping_accommodation_medium_dark_skin_tone	1f6cc-1f3fe
sleeping_accommodation_medium_light_skin_tone	1f6cc-1f3fc
sleeping_accommodation_medium_skin_tone	1f6cc-1f3fd
sleepy	1f62a
sleuth_or_spy	1f575-fe0f
sleuth_or_spy_dark_skin_tone	1f575-1f3ff
sleuth_or_spy_light_skin_tone	1f575-1f3fb
sleuth_or_spy_medium_dark_skin_tone	1f575-1f3fe
sleuth_or_spy_medium_light_skin_tone	1f575-1f3fc
sleuth_or_spy_medium_skin_tone	1f575-1f3fd
slightly_frowning_face	1f641
slightly_smiling_face	1f642
slot_machine	1f3b0
sloth	1f9a5
small_airplane	1f6e9-fe0f
small_blue_diamond	1f539
small_orange_diamond	1f538
small_red_triangle	1f53a
small_red_triangle_down	1f53b
smile	1f604
smile_cat	1f638
smiley	1f603
smiley_cat	1f63a
smiling_face_with_3_hearts	1f970
smiling_face_with_smiling_eyes_and_hand_covering_mouth	1f92d
smiling_face_with_tear	1f972
smiling_imp	1f608
smirk	1f60f
smirk_cat	1f63c
smoking	1f6ac
snail	1f40c
snake	1f40d
sneezing_face	1f927
snow_capped_mountain	1f3d4-fe0f
snow_cloud	1f328-fe0f
snowboarder	1f3c2
snowboarder_dark_skin_tone	1f3c2-1f3ff
snowboarder_light_skin_tone	1f3c2-1f3fb
snowboarder_medium_dark_skin_tone	1f3c2-1f3fe
snowboarder_medium_light_skin_tone	1f3c2-1f3fc
snowboarder_medium_skin_tone	1f3c2-1f3fd
snowflake	2744-fe0f
snowman	2603-fe0f
snowman_without_snow	26c4
soap	1f9fc
sob	1f62d
soccer	26bd
socks	1f9e6
softball	1f94e
soon	1f51c
sos	1f198
sound	1f509
space_invader	1f47e
spades	2660-fe0f
spaghetti	1f35d
sparkle	2747-fe0f
sparkler	1f387
sparkles	2728
sparkling_heart	1f496
speak_no_evil	1f64a
speaker	1f508
speaking_head_in_silhouette	1f5e3-fe0f
speech_balloon	1f4ac
speedboat	1f6a4
spider	1f577-fe0f
spider_web	1f578-fe0f
spiral_calendar_pad	1f5d3-fe0f
spiral_note_pad	1f5d2-fe0f
splatter	1fadf
spock-hand	1f596
spock-hand_dark_skin_tone	1f596-1f3ff
spock-hand_light_skin_tone	1f596-1f3fb
spock-hand_medium_dark_skin_tone	1f596-1f3fe
spock-hand_medium_light_skin_tone	1f596-1f3fc
spock-hand_medium_skin_tone	1f596-1f3fd
sponge	1f9fd
spoon	1f944
sports_medal	1f3c5
squid	1f991
stadium	1f3df-fe0f
staff_of_aesculapius	2695-fe0f
standing_person	1f9cd
standing_person_dark_skin_tone	1f9cd-1f3ff
standing_person_light_skin_tone	1f9cd-1f3fb
standing_person_medium_dark_skin_tone	1f9cd-1f3fe
standing_person_medium_light_skin_tone	1f9cd-1f3fc
standing_person_medium_skin_tone	1f9cd-1f3fd
star	2b50
star-struck	1f929
star2	1f31f
star_and_crescent	262a-fe0f
star_of_david	2721-fe0f
stars	1f320
station	1f689
statue_of_liberty	1f5fd
steam_locomotive	1f682
stethoscope	1fa7a
stew	1f372
stopwatch	23f1-fe0f
straight_ruler	1f4cf
strawberry	1f353
stuck_out_tongue	1f61b
stuck_out_tongue_closed_eyes	1f61d
stuck_out_tongue_winking_eye	1f61c
student	1f9d1-200d-1f393
student_dark_skin_tone	1f9d1-1f3ff-200d-1f393
student_light_skin_tone	1f9d1-1f3fb-200d-1f393
student_medium_dark_skin_tone	1f9d1-1f3fe-200d-1f393
student_medium_light_skin_tone	1f9d1-1f3fc-200d-1f393
student_medium_skin_tone	1f9d1-1f3fd-200d-1f393
studio_microphone	1f399-fe0f
stuffed_flatbread	1f959
sun_behind_cloud	1f325-fe0f
sun_behind_rain_cloud	1f326-fe0f
sun_small_cloud	1f324-fe0f
sun_with_face	1f31e
sunflower	1f33b
sunglasses	1f60e
sunny	2600-fe0f
sunrise	1f305
sunrise_over_mountains	1f304
superhero	1f9b8
superhero_dark_skin_tone	1f9b8-1f3ff
superhero_light_skin_tone	1f9b8-1f3fb
superhero_medium_dark_skin_tone	1f9b8-1f3fe
superhero_medium_light_skin_tone	1f9b8-1f3fc
superhero_medium_skin_tone	1f9b8-1f3fd
supervillain	1f9b9
supervillain_dark_skin_tone	1f9b9-1f3ff
supervillain_light_skin_tone	1f9b9-1f3fb
supervillain_medium_dark_skin_tone	1f9b9-1f3fe
supervillain_medium_light_skin_tone	1f9b9-1f3fc
supervillain_medium_skin_tone	1f9b9-1f3fd
surfer	1f3c4
surfer_dark_skin_tone	1f3c4-1f3ff
surfer_light_skin_tone	1f3c4-1f3fb
surfer_medium_dark_skin_tone	1f3c4-1f3fe
surfer_medium_light_skin_tone	1f3c4-1f3fc
surfer_medium_skin_tone	1f3c4-1f3fd
sushi	1f363
suspension_railway	1f69f
swan	1f9a2
sweat	1f613
sweat_drops	1f4a6
sweat_smile	1f605
sweet_potato	1f360
swimmer	1f3ca
swimmer_dark_skin_tone	1f3ca-1f3ff
swimmer_light_skin_tone	1f3ca-1f3fb
swimmer_medium_dark_skin_tone	1f3ca-1f3fe
swimmer_medium_light_skin_tone	1f3ca-1f3fc
swimmer_medium_skin_tone	1f3ca-1f3fd
symbols	1f523
synagogue	1f54d
syringe	1f489
t-rex	1f996
table_tennis_paddle_and_ball	1f3d3
taco	1f32e
tada	1f389
takeout_box	1f961
tamale	1fad4
tanabata_tree	1f38b
tangerine	1f34a
taurus	2649
taxi	1f695
tea	1f375
teacher	1f9d1-200d-1f3eb
teacher_dark_skin_tone	1f9d1-1f3ff-200d-1f3eb
teacher_light_skin_tone	1f9d1-1f3fb-200d-1f3eb
teacher_medium_dark_skin_tone	1f9d1-1f3fe-200d-1f3eb
teacher_medium_light_skin_tone	1f9d1-1f3fc-200d-1f3eb
teacher_medium_skin_tone	1f9d1-1f3fd-200d-1f3eb
teapot	1fad6
technologist	1f9d1-200d-1f4bb
technologist_dark_skin_tone	1f9d1-1f3ff-200d-1f4bb
technologist_light_skin_tone	1f9d1-1f3fb-200d-1f4bb
technologist_medium_dark_skin_tone	1f9d1-1f3fe-200d-1f4bb
technologist_medium_light_skin_tone	1f9d1-1f3fc-200d-1f4bb
technologist_medium_skin_tone	1f9d1-1f3fd-200d-1f4bb
teddy_bear	1f9f8
telephone	260e-fe0f
telephone_receiver	1f4de
telescope	1f52d
tennis	1f3be
tent	26fa
test_tube	1f9ea
the_horns	1f918
the_horns_dark_skin_tone	1f918-1f3ff
the_horns_light_skin_tone	1f918-1f3fb
the_horns_medium_dark_skin_tone	1f918-1f3fe
the_horns_medium_light_skin_tone	1f918-1f3fc
the_horns_medium_skin_tone	1f918-1f3fd
thermometer	1f321-fe0f
thinking_face	1f914
third_place_medal	1f949
thong_sandal	1fa74
thought_balloon	1f4ad
thread	1f9f5
three	0033-fe0f-20e3
three_button_mouse	1f5b1-fe0f
thumbsdown	1f44e
thumbsdown_dark_skin_tone	1f44e-1f3ff
thumbsdown_light_skin_tone	1f44e-1f3fb
thumbsdown_medium_dark_skin_tone	1f44e-1f3fe
thumbsdown_medium_light_skin_tone	1f44e-1f3fc
thumbsdown_medium_skin_tone	1f44e-1f3fd
thumbsup	1f44d
thumbsup_dark_skin_tone	1f44d-1f3ff
thumbsup_light_skin_tone	1f44d-1f3fb
thumbsup_medium_dark_skin_tone	1f44d-1f3fe
thumbsup_medium_light_skin_tone	1f44d-1f3fc
thumbsup_medium_skin_tone	1f44d-1f3fd
thunder_cloud_and_rain	26c8-fe0f
ticket	1f3ab
tiger	1f42f
tiger2	1f405
timer_clock	23f2-fe0f
tired_face	1f62b
tm	2122-fe0f
toilet	1f6bd
tokyo_tower	1f5fc
tomato	1f345
tongue	1f445
toolbox	1f9f0
tooth	1f9b7
toothbrush	1faa5
top	1f51d
tophat	1f3a9
tornado	1f32a-fe0f
tornado_cloud	1f32a-fe0f
trackball	1f5b2-fe0f
tractor	1f69c
traffic_light	1f6a5
train	1f68b
train2	1f686
tram	1f68a
transgender_flag	1f3f3-fe0f-200d-26a7-fe0f
transgender_symbol	26a7-fe0f
treasure_chest	1fa8e
triangular_flag_on_post	1f6a9
triangular_ruler	1f4d0
trident	1f531
triumph	1f624
troll	1f9cc
trolleybus	1f68e
trombone	1fa8a
trophy	1f3c6
tropical_drink	1f379
tropical_fish	1f420
truck	1f69a
trumpet	1f3ba
tshirt	1f455
tulip	1f337
tumbler_glass	1f943
turkey	1f983
turtle	1f422
tv	1f4fa
twisted_rightwards_arrows	1f500
two	0032-fe0f-20e3
two_hearts	1f495
two_men_holding_hands	1f46c
two_men_holding_hands_dark_skin_tone	1f46c-1f3ff
two_men_holding_hands_light_skin_tone	1f46c-1f3fb
two_men_holding_hands_medium_dark_skin_tone	1f46c-1f3fe
two_men_holding_hands_medium_light_skin_tone	1f46c-1f3fc
two_men_holding_hands_medium_skin_tone	1f46c-1f3fd
two_women_holding_hands	1f46d
two_women_holding_hands_dark_skin_tone	1f46d-1f3ff
two_women_holding_hands_light_skin_tone	1f46d-1f3fb
two_women_holding_hands_medium_dark_skin_tone	1f46d-1f3fe
two_women_holding_hands_medium_light_skin_tone	1f46d-1f3fc
two_women_holding_hands_medium_skin_tone	1f46d-1f3fd
u5272	1f239
u5408	1f234
u55b6	1f23a
u6307	1f22f
u6708	1f237-fe0f
u6709	1f236
u6e80	1f235
u7121	1f21a
u7533	1f238
u7981	1f232
u7a7a	1f233
uk	1f1ec-1f1e7
umbrella	2602-fe0f
umbrella_on_ground	26f1-fe0f
umbrella_with_rain_drops	2614
unamused	1f612
underage	1f51e
unicorn_face	1f984
unlock	1f513
up	1f199
upside_down_face	1f643
us	1f1fa-1f1f8
v	270c-fe0f
v_dark_skin_tone	270c-1f3ff
v_light_skin_tone	270c-1f3fb
v_medium_dark_skin_tone	270c-1f3fe
v_medium_light_skin_tone	270c-1f3fc
v_medium_skin_tone	270c-1f3fd
vampire	1f9db
vampire_dark_skin_tone	1f9db-1f3ff
vampire_light_skin_tone	1f9db-1f3fb
vampire_medium_dark_skin_tone	1f9db-1f3fe
vampire_medium_light_skin_tone	1f9db-1f3fc
vampire_medium_skin_tone	1f9db-1f3fd
vertical_traffic_light	1f6a6
vhs	1f4fc
vibration_mode	1f4f3
video_camera	1f4f9
video_game	1f3ae
violin	1f3bb
virgo	264d
volcano	1f30b
volleyball	1f3d0
vs	1f19a
waffle	1f9c7
walking	1f6b6
walking_dark_skin_tone	1f6b6-1f3ff
walking_light_skin_tone	1f6b6-1f3fb
walking_medium_dark_skin_tone	1f6b6-1f3fe
walking_medium_light_skin_tone	1f6b6-1f3fc
walking_medium_skin_tone	1f6b6-1f3fd
waning_crescent_moon	1f318
waning_gibbous_moon	1f316
warning	26a0-fe0f
wastebasket	1f5d1-fe0f
watch	231a
water_buffalo	1f403
water_polo	1f93d
water_polo_dark_skin_tone	1f93d-1f3ff
water_polo_light_skin_tone	1f93d-1f3fb
water_polo_medium_dark_skin_tone	1f93d-1f3fe
water_polo_medium_light_skin_tone	1f93d-1f3fc
water_polo_medium_skin_tone	1f93d-1f3fd
watermelon	1f349
wave	1f44b
wave_dark_skin_tone	1f44b-1f3ff
wave_light_skin_tone	1f44b-1f3fb
wave_medium_dark_skin_tone	1f44b-1f3fe
wave_medium_light_skin_tone	1f44b-1f3fc
wave_medium_skin_tone	1f44b-1f3fd
waving_black_flag	1f3f4
waving_white_flag	1f3f3-fe0f
wavy_dash	3030-fe0f
waxing_crescent_moon	1f312
waxing_gibbous_moon	1f314
wc	1f6be
weary	1f629
wedding	1f492
weight_lifter	1f3cb-fe0f
weight_lifter_dark_skin_tone	1f3cb-1f3ff
weight_lifter_light_skin_tone	1f3cb-1f3fb
weight_lifter_medium_dark_skin_tone	1f3cb-1f3fe
weight_lifter_medium_light_skin_tone	1f3cb-1f3fc
weight_lifter_medium_skin_tone	1f3cb-1f3fd
whale	1f433
whale2	1f40b
wheel	1f6de
wheel_of_dharma	2638-fe0f
wheelchair	267f
white_check_mark	2705
white_circle	26aa
white_flower	1f4ae
white_frowning_face	2639-fe0f
white_haired_man	1f468-200d-1f9b3
white_haired_man_dark_skin_tone	1f468-1f3ff-200d-1f9b3
white_haired_man_light_skin_tone	1f468-1f3fb-200d-1f9b3
white_haired_man_medium_dark_skin_tone	1f468-1f3fe-200d-1f9b3
white_haired_man_medium_light_skin_tone	1f468-1f3fc-200d-1f9b3
white_haired_man_medium_skin_tone	1f468-1f3fd-200d-1f9b3
white_haired_person	1f9d1-200d-1f9b3
white_haired_person_dark_skin_tone	1f9d1-1f3ff-200d-1f9b3
white_haired_person_light_skin_tone	1f9d1-1f3fb-200d-1f9b3
white_haired_person_medium_dark_skin_tone	1f9d1-1f3fe-200d-1f9b3
white_haired_person_medium_light_skin_tone	1f9d1-1f3fc-200d-1f9b3
white_haired_person_medium_skin_tone	1f9d1-1f3fd-200d-1f9b3
white_haired_woman	1f469-200d-1f9b3
white_haired_woman_dark_skin_tone	1f469-1f3ff-200d-1f9b3
white_haired_woman_light_skin_tone	1f469-1f3fb-200d-1f9b3
white_haired_woman_medium_dark_skin_tone	1f469-1f3fe-200d-1f9b3
white_haired_woman_medium_light_skin_tone	1f469-1f3fc-200d-1f9b3
white_haired_woman_medium_skin_tone	1f469-1f3fd-200d-1f9b3
white_heart	1f90d
white_large_square	2b1c
white_medium_small_square	25fd
white_medium_square	25fb-fe0f
white_small_square	25ab-fe0f
white_square_button	1f533
wilted_flower	1f940
wind_blowing_face	1f32c-fe0f
wind_chime	1f390
window	1fa9f
wine_glass	1f377
wing	1fabd
wink	1f609
wireless	1f6dc
wolf	1f43a
woman	1f469
woman-biking	1f6b4-200d-2640-fe0f
woman-biking_dark_skin_tone	1f6b4-1f3ff-200d-2640-fe0f
woman-biking_light_skin_tone	1f6b4-1f3fb-200d-2640-fe0f
woman-biking_medium_dark_skin_tone	1f6b4-1f3fe-200d-2640-fe0f
woman-biking_medium_light_skin_tone	1f6b4-1f3fc-200d-2640-fe0f
woman-biking_medium_skin_tone	1f6b4-1f3fd-200d-2640-fe0f
woman-bouncing-ball	26f9-fe0f-200d-2640-fe0f
woman-bouncing-ball_dark_skin_tone	26f9-1f3ff-200d-2640-fe0f
woman-bouncing-ball_light_skin_tone	26f9-1f3fb-200d-2640-fe0f
woman-bouncing-ball_medium_dark_skin_tone	26f9-1f3fe-200d-2640-fe0f
woman-bouncing-ball_medium_light_skin_tone	26f9-1f3fc-200d-2640-fe0f
woman-bouncing-ball_medium_skin_tone	26f9-1f3fd-200d-2640-fe0f
woman-bowing	1f647-200d-2640-fe0f
woman-bowing_dark_skin_tone	1f647-1f3ff-200d-2640-fe0f
woman-bowing_light_skin_tone	1f647-1f3fb-200d-2640-fe0f
woman-bowing_medium_dark_skin_tone	1f647-1f3fe-200d-2640-fe0f
woman-bowing_medium_light_skin_tone	1f647-1f3fc-200d-2640-fe0f
woman-bowing_medium_skin_tone	1f647-1f3fd-200d-2640-fe0f
woman-boy	1f469-200d-1f466
woman-boy-boy	1f469-200d-1f466-200d-1f466
woman-cartwheeling	1f938-200d-2640-fe0f
woman-cartwheeling_dark_skin_tone	1f938-1f3ff-200d-2640-fe0f
woman-cartwheeling_light_skin_tone	1f938-1f3fb-200d-2640-fe0f
woman-cartwheeling_medium_dark_skin_tone	1f938-1f3fe-200d-2640-fe0f
woman-cartwheeling_medium_light_skin_tone	1f938-1f3fc-200d-2640-fe0f
woman-cartwheeling_medium_skin_tone	1f938-1f3fd-200d-2640-fe0f
woman-facepalming	1f926-200d-2640-fe0f
woman-facepalming_dark_skin_tone	1f926-1f3ff-200d-2640-fe0f
woman-facepalming_light_skin_tone	1f926-1f3fb-200d-2640-fe0f
woman-facepalming_medium_dark_skin_tone	1f926-1f3fe-200d-2640-fe0f
woman-facepalming_medium_light_skin_tone	1f926-1f3fc-200d-2640-fe0f
woman-facepalming_medium_skin_tone	1f926-1f3fd-200d-2640-fe0f
woman-frowning	1f64d-200d-2640-fe0f
woman-frowning_dark_skin_tone	1f64d-1f3ff-200d-2640-fe0f
woman-frowning_light_skin_tone	1f64d-1f3fb-200d-2640-fe0f
woman-frowning_medium_dark_skin_tone	1f64d-1f3fe-200d-2640-fe0f
woman-frowning_medium_light_skin_tone	1f64d-1f3fc-200d-2640-fe0f
woman-frowning_medium_skin_tone	1f64d-1f3fd-200d-2640-fe0f
woman-gesturing-no	1f645-200d-2640-fe0f
woman-gesturing-no_dark_skin_tone	1f645-1f3ff-200d-2640-fe0f
woman-gesturing-no_light_skin_tone	1f645-1f3fb-200d-2640-fe0f
woman-gesturing-no_medium_dark_skin_tone	1f645-1f3fe-200d-2640-fe0f
woman-gesturing-no_medium_light_skin_tone	1f645-1f3fc-200d-2640-fe0f
woman-gesturing-no_medium_skin_tone	1f645-1f3fd-200d-2640-fe0f
woman-gesturing-ok	1f646-200d-2640-fe0f
woman-gesturing-ok_dark_skin_tone	1f646-1f3ff-200d-2640-fe0f
woman-gesturing-ok_light_skin_tone	1f646-1f3fb-200d-2640-fe0f
woman-gesturing-ok_medium_dark_skin_tone	1f646-1f3fe-200d-2640-fe0f
woman-gesturing-ok_medium_light_skin_tone	1f646-1f3fc-200d-2640-fe0f
woman-gesturing-ok_medium_skin_tone	1f646-1f3fd-200d-2640-fe0f
woman-getting-haircut	1f487-200d-2640-fe0f
woman-getting-haircut_dark_skin_tone	1f487-1f3ff-200d-2640-fe0f
woman-getting-haircut_light_skin_tone	1f487-1f3fb-200d-2640-fe0f
woman-getting-haircut_medium_dark_skin_tone	1f487-1f3fe-200d-2640-fe0f
woman-getting-haircut_medium_light_skin_tone	1f487-1f3fc-200d-2640-fe0f
woman-getting-haircut_medium_skin_tone	1f487-1f3fd-200d-2640-fe0f
woman-getting-massage	1f486-200d-2640-fe0f
woman-getting-massage_dark_skin_tone	1f486-1f3ff-200d-2640-fe0f
woman-getting-massage_light_skin_tone	1f486-1f3fb-200d-2640-fe0f
woman-getting-massage_medium_dark_skin_tone	1f486-1f3fe-200d-2640-fe0f
woman-getting-massage_medium_light_skin_tone	1f486-1f3fc-200d-2640-fe0f
woman-getting-massage_medium_skin_tone	1f486-1f3fd-200d-2640-fe0f
woman-girl	1f469-200d-1f467
woman-girl-boy	1f469-200d-1f467-200d-1f466
woman-girl-girl	1f469-200d-1f467-200d-1f467
woman-golfing	1f3cc-fe0f-200d-2640-fe0f
woman-golfing_dark_skin_tone	1f3cc-1f3ff-200d-2640-fe0f
woman-golfing_light_skin_tone	1f3cc-1f3fb-200d-2640-fe0f
woman-golfing_medium_dark_skin_tone	1f3cc-1f3fe-200d-2640-fe0f
woman-golfing_medium_light_skin_tone	1f3cc-1f3fc-200d-2640-fe0f
woman-golfing_medium_skin_tone	1f3cc-1f3fd-200d-2640-fe0f
woman-heart-man	1f469-200d-2764-fe0f-200d-1f468
woman-heart-woman	1f469-200d-2764-fe0f-200d-1f469
woman-juggling	1f939-200d-2640-fe0f
woman-juggling_dark_skin_tone	1f939-1f3ff-200d-2640-fe0f
woman-juggling_light_skin_tone	1f939-1f3fb-200d-2640-fe0f
woman-juggling_medium_dark_skin_tone	1f939-1f3fe-200d-2640-fe0f
woman-juggling_medium_light_skin_tone	1f939-1f3fc-200d-2640-fe0f
woman-juggling_medium_skin_tone	1f939-1f3fd-200d-2640-fe0f
woman-kiss-man	1f469-200d-2764-fe0f-200d-1f48b-200d-1f468
woman-kiss-woman	1f469-200d-2764-fe0f-200d-1f48b-200d-1f469
woman-lifting-weights	1f3cb-fe0f-200d-2640-fe0f
woman-lifting-weights_dark_skin_tone	1f3cb-1f3ff-200d-2640-fe0f
woman-lifting-weights_light_skin_tone	1f3cb-1f3fb-200d-2640-fe0f
woman-lifting-weights_medium_dark_skin_tone	1f3cb-1f3fe-200d-2640-fe0f
woman-lifting-weights_medium_light_skin_tone	1f3cb-1f3fc-200d-2640-fe0f
woman-lifting-weights_medium_skin_tone	1f3cb-1f3fd-200d-2640-fe0f
woman-mountain-biking	1f6b5-200d-2640-fe0f
woman-mountain-biking_dark_skin_tone	1f6b5-1f3ff-200d-2640-fe0f
woman-mountain-biking_light_skin_tone	1f6b5-1f3fb-200d-2640-fe0f
woman-mountain-biking_medium_dark_skin_tone	1f6b5-1f3fe-200d-2640-fe0f
woman-mountain-biking_medium_light_skin_tone	1f6b5-1f3fc-200d-2640-fe0f
woman-mountain-biking_medium_skin_tone	1f6b5-1f3fd-200d-2640-fe0f
woman-playing-handball	1f93e-200d-2640-fe0f
woman-playing-handball_dark_skin_tone	1f93e-1f3ff-200d-2640-fe0f
woman-playing-handball_light_skin_tone	1f93e-1f3fb-200d-2640-fe0f
woman-playing-handball_medium_dark_skin_tone	1f93e-1f3fe-200d-2640-fe0f
woman-playing-handball_medium_light_skin_tone	1f93e-1f3fc-200d-2640-fe0f
woman-playing-handball_medium_skin_tone	1f93e-1f3fd-200d-2640-fe0f
woman-playing-water-polo	1f93d-200d-2640-fe0f
woman-playing-water-polo_dark_skin_tone	1f93d-1f3ff-200d-2640-fe0f
woman-playing-water-polo_light_skin_tone	1f93d-1f3fb-200d-2640-fe0f
woman-playing-water-polo_medium_dark_skin_tone	1f93d-1f3fe-200d-2640-fe0f
woman-playing-water-polo_medium_light_skin_tone	1f93d-1f3fc-200d-2640-fe0f
woman-playing-water-polo_medium_skin_tone	1f93d-1f3fd-200d-2640-fe0f
woman-pouting	1f64e-200d-2640-fe0f
woman-pouting_dark_skin_tone	1f64e-1f3ff-200d-2640-fe0f
woman-pouting_light_skin_tone	1f64e-1f3fb-200d-2640-fe0f
woman-pouting_medium_dark_skin_tone	1f64e-1f3fe-200d-2640-fe0f
woman-pouting_medium_light_skin_tone	1f64e-1f3fc-200d-2640-fe0f
woman-pouting_medium_skin_tone	1f64e-1f3fd-200d-2640-fe0f
woman-raising-hand	1f64b-200d-2640-fe0f
woman-raising-hand_dark_skin_tone	1f64b-1f3ff-200d-2640-fe0f
woman-raising-hand_light_skin_tone	1f64b-1f3fb-200d-2640-fe0f
woman-raising-hand_medium_dark_skin_tone	1f64b-1f3fe-200d-2640-fe0f
woman-raising-hand_medium_light_skin_tone	1f64b-1f3fc-200d-2640-fe0f
woman-raising-hand_medium_skin_tone	1f64b-1f3fd-200d-2640-fe0f
woman-rowing-boat	1f6a3-200d-2640-fe0f
woman-rowing-boat_dark_skin_tone	1f6a3-1f3ff-200d-2640-fe0f
woman-rowing-boat_light_skin_tone	1f6a3-1f3fb-200d-2640-fe0f
woman-rowing-boat_medium_dark_skin_tone	1f6a3-1f3fe-200d-2640-fe0f
woman-rowing-boat_medium_light_skin_tone	1f6a3-1f3fc-200d-2640-fe0f
woman-rowing-boat_medium_skin_tone	1f6a3-1f3fd-200d-2640-fe0f
woman-running	1f3c3-200d-2640-fe0f
woman-running_dark_skin_tone	1f3c3-1f3ff-200d-2640-fe0f
woman-running_light_skin_tone	1f3c3-1f3fb-200d-2640-fe0f
woman-running_medium_dark_skin_tone	1f3c3-1f3fe-200d-2640-fe0f
woman-running_medium_light_skin_tone	1f3c3-1f3fc-200d-2640-fe0f
woman-running_medium_skin_tone	1f3c3-1f3fd-200d-2640-fe0f
woman-shrugging	1f937-200d-2640-fe0f
woman-shrugging_dark_skin_tone	1f937-1f3ff-200d-2640-fe0f
woman-shrugging_light_skin_tone	1f937-1f3fb-200d-2640-fe0f
woman-shrugging_medium_dark_skin_tone	1f937-1f3fe-200d-2640-fe0f
woman-shrugging_medium_light_skin_tone	1f937-1f3fc-200d-2640-fe0f
woman-shrugging_medium_skin_tone	1f937-1f3fd-200d-2640-fe0f
woman-surfing	1f3c4-200d-2640-fe0f
woman-surfing_dark_skin_tone	1f3c4-1f3ff-200d-2640-fe0f
woman-surfing_light_skin_tone	1f3c4-1f3fb-200d-2640-fe0f
woman-surfing_medium_dark_skin_tone	1f3c4-1f3fe-200d-2640-fe0f
woman-surfing_medium_light_skin_tone	1f3c4-1f3fc-200d-2640-fe0f
woman-surfing_medium_skin_tone	1f3c4-1f3fd-200d-2640-fe0f
woman-swimming	1f3ca-200d-2640-fe0f
woman-swimming_dark_skin_tone	1f3ca-1f3ff-200d-2640-fe0f
woman-swimming_light_skin_tone	1f3ca-1f3fb-200d-2640-fe0f
woman-swimming_medium_dark_skin_tone	1f3ca-1f3fe-200d-2640-fe0f
woman-swimming_medium_light_skin_tone	1f3ca-1f3fc-200d-2640-fe0f
woman-swimming_medium_skin_tone	1f3ca-1f3fd-200d-2640-fe0f
woman-tipping-hand	1f481-200d-2640-fe0f
woman-tipping-hand_dark_skin_tone	1f481-1f3ff-200d-2640-fe0f
woman-tipping-hand_light_skin_tone	1f481-1f3fb-200d-2640-fe0f
woman-tipping-hand_medium_dark_skin_tone	1f481-1f3fe-200d-2640-fe0f
woman-tipping-hand_medium_light_skin_tone	1f481-1f3fc-200d-2640-fe0f
woman-tipping-hand_medium_skin_tone	1f481-1f3fd-200d-2640-fe0f
woman-walking	1f6b6-200d-2640-fe0f
woman-walking_dark_skin_tone	1f6b6-1f3ff-200d-2640-fe0f
woman-walking_light_skin_tone	1f6b6-1f3fb-200d-2640-fe0f
woman-walking_medium_dark_skin_tone	1f6b6-1f3fe-200d-2640-fe0f
woman-walking_medium_light_skin_tone	1f6b6-1f3fc-200d-2640-fe0f
woman-walking_medium_skin_tone	1f6b6-1f3fd-200d-2640-fe0f
woman-wearing-turban	1f473-200d-2640-fe0f
woman-wearing-turban_dark_skin_tone	1f473-1f3ff-200d-2640-fe0f
woman-wearing-turban_light_skin_tone	1f473-1f3fb-200d-2640-fe0f
woman-wearing-turban_medium_dark_skin_tone	1f473-1f3fe-200d-2640-fe0f
woman-wearing-turban_medium_light_skin_tone	1f473-1f3fc-200d-2640-fe0f
woman-wearing-turban_medium_skin_tone	1f473-1f3fd-200d-2640-fe0f
woman-with-bunny-ears-partying	1f46f-200d-2640-fe0f
woman-with-bunny-ears-partying_dark_skin_tone	1f46f-1f3ff-200d-2640-fe0f
woman-with-bunny-ears-partying_light_skin_tone	1f46f-1f3fb-200d-2640-fe0f
woman-with-bunny-ears-partying_medium_dark_skin_tone	1f46f-1f3fe-200d-2640-fe0f
woman-with-bunny-ears-partying_medium_light_skin_tone	1f46f-1f3fc-200d-2640-fe0f
woman-with-bunny-ears-partying_medium_skin_tone	1f46f-1f3fd-200d-2640-fe0f
woman-woman-boy	1f469-200d-1f469-200d-1f466
woman-woman-boy-boy	1f469-200d-1f469-200d-1f466-200d-1f466
woman-woman-girl	1f469-200d-1f469-200d-1f467
woman-woman-girl-boy	1f469-200d-1f469-200d-1f467-200d-1f466
woman-woman-girl-girl	1f469-200d-1f469-200d-1f467-200d-1f467
woman-wrestling	1f93c-200d-2640-fe0f
woman-wrestling_dark_skin_tone	1f93c-1f3ff-200d-2640-fe0f
woman-wrestling_light_skin_tone	1f93c-1f3fb-200d-2640-fe0f
woman-wrestling_medium_dark_skin_tone	1f93c-1f3fe-200d-2640-fe0f
woman-wrestling_medium_light_skin_tone	1f93c-1f3fc-200d-2640-fe0f
woman-wrestling_medium_skin_tone	1f93c-1f3fd-200d-2640-fe0f
woman_and_man_holding_hands	1f46b
woman_and_man_holding_hands_dark_skin_tone	1f46b-1f3ff
woman_and_man_holding_hands_light_skin_tone	1f46b-1f3fb
woman_and_man_holding_hands_medium_dark_skin_tone	1f46b-1f3fe
woman_and_man_holding_hands_medium_light_skin_tone	1f46b-1f3fc
woman_and_man_holding_hands_medium_skin_tone	1f46b-1f3fd
woman_climbing	1f9d7-200d-2640-fe0f
woman_climbing_dark_skin_tone	1f9d7-1f3ff-200d-2640-fe0f
woman_climbing_light_skin_tone	1f9d7-1f3fb-200d-2640-fe0f
woman_climbing_medium_dark_skin_tone	1f9d7-1f3fe-200d-2640-fe0f
woman_climbing_medium_light_skin_tone	1f9d7-1f3fc-200d-2640-fe0f
woman_climbing_medium_skin_tone	1f9d7-1f3fd-200d-2640-fe0f
woman_dark_skin_tone	1f469-1f3ff
woman_feeding_baby	1f469-200d-1f37c
woman_feeding_baby_dark_skin_tone	1f469-1f3ff-200d-1f37c
woman_feeding_baby_light_skin_tone	1f469-1f3fb-200d-1f37c
woman_feeding_baby_medium_dark_skin_tone	1f469-1f3fe-200d-1f37c
woman_feeding_baby_medium_light_skin_tone	1f469-1f3fc-200d-1f37c
woman_feeding_baby_medium_skin_tone	1f469-1f3fd-200d-1f37c
woman_in_lotus_position	1f9d8-200d-2640-fe0f
woman_in_lotus_position_dark_skin_tone	1f9d8-1f3ff-200d-2640-fe0f
woman_in_lotus_position_light_skin_tone	1f9d8-1f3fb-200d-2640-fe0f
woman_in_lotus_position_medium_dark_skin_tone	1f9d8-1f3fe-200d-2640-fe0f
woman_in_lotus_position_medium_light_skin_tone	1f9d8-1f3fc-200d-2640-fe0f
woman_in_lotus_position_medium_skin_tone	1f9d8-1f3fd-200d-2640-fe0f
woman_in_manual_wheelchair	1f469-200d-1f9bd
woman_in_manual_wheelchair_dark_skin_tone	1f469-1f3ff-200d-1f9bd
woman_in_manual_wheelchair_facing_right	1f469-200d-1f9bd-200d-27a1-fe0f
woman_in_manual_wheelchair_facing_right_dark_skin_tone	1f469-1f3ff-200d-1f9bd-200d-27a1-fe0f
woman_in_manual_wheelchair_facing_right_light_skin_tone	1f469-1f3fb-200d-1f9bd-200d-27a1-fe0f
woman_in_manual_wheelchair_facing_right_medium_dark_skin_tone	1f469-1f3fe-200d-1f9bd-200d-27a1-fe0f
woman_in_manual_wheelchair_facing_right_medium_light_skin_tone	1f469-1f3fc-200d-1f9bd-200d-27a1-fe0f
woman_in_manual_wheelchair_facing_right_medium_skin_tone	1f469-1f3fd-200d-1f9bd-200d-27a1-fe0f
woman_in_manual_wheelchair_light_skin_tone	1f469-1f3fb-200d-1f9bd
woman_in_manual_wheelchair_medium_dark_skin_tone	1f469-1f3fe-200d-1f9bd
woman_in_manual_wheelchair_medium_light_skin_tone	1f469-1f3fc-200d-1f9bd
woman_in_manual_wheelchair_medium_skin_tone	1f469-1f3fd-200d-1f9bd
woman_in_motorized_wheelchair	1f469-200d-1f9bc
woman_in_motorized_wheelchair_dark_skin_tone	1f469-1f3ff-200d-1f9bc
woman_in_motorized_wheelchair_facing_right	1f469-200d-1f9bc-200d-27a1-fe0f
woman_in_motorized_wheelchair_facing_right_dark_skin_tone	1f469-1f3ff-200d-1f9bc-200d-27a1-fe0f
woman_in_motorized_wheelchair_facing_right_light_skin_tone	1f469-1f3fb-200d-1f9bc-200d-27a1-fe0f
woman_in_motorized_wheelchair_facing_right_medium_dark_skin_tone	1f469-1f3fe-200d-1f9bc-200d-27a1-fe0f
woman_in_motorized_wheelchair_facing_right_medium_light_skin_tone	1f469-1f3fc-200d-1f9bc-200d-27a1-fe0f
woman_in_motorized_wheelchair_facing_right_medium_skin_tone	1f469-1f3fd-200d-1f9bc-200d-27a1-fe0f
woman_in_motorized_wheelchair_light_skin_tone	1f469-1f3fb-200d-1f9bc
woman_in_motorized_wheelchair_medium_dark_skin_tone	1f469-1f3fe-200d-1f9bc
woman_in_motorized_wheelchair_medium_light_skin_tone	1f469-1f3fc-200d-1f9bc
woman_in_motorized_wheelchair_medium_skin_tone	1f469-1f3fd-200d-1f9bc
woman_in_steamy_room	1f9d6-200d-2640-fe0f
woman_in_steamy_room_dark_skin_tone	1f9d6-1f3ff-200d-2640-fe0f
woman_in_steamy_room_light_skin_tone	1f9d6-1f3fb-200d-2640-fe0f
woman_in_steamy_room_medium_dark_skin_tone	1f9d6-1f3fe-200d-2640-fe0f
woman_in_steamy_room_medium_light_skin_tone	1f9d6-1f3fc-200d-2640-fe0f
woman_in_steamy_room_medium_skin_tone	1f9d6-1f3fd-200d-2640-fe0f
woman_in_tuxedo	1f935-200d-2640-fe0f
woman_in_tuxedo_dark_skin_tone	1f935-1f3ff-200d-2640-fe0f
woman_in_tuxedo_light_skin_tone	1f935-1f3fb-200d-2640-fe0f
woman_in_tuxedo_medium_dark_skin_tone	1f935-1f3fe-200d-2640-fe0f
woman_in_tuxedo_medium_light_skin_tone	1f935-1f3fc-200d-2640-fe0f
woman_in_tuxedo_medium_skin_tone	1f935-1f3fd-200d-2640-fe0f
woman_kneeling	1f9ce-200d-2640-fe0f
woman_kneeling_dark_skin_tone	1f9ce-1f3ff-200d-2640-fe0f
woman_kneeling_facing_right	1f9ce-200d-2640-fe0f-200d-27a1-fe0f
woman_kneeling_facing_right_dark_skin_tone	1f9ce-1f3ff-200d-2640-fe0f-200d-27a1-fe0f
woman_kneeling_facing_right_light_skin_tone	1f9ce-1f3fb-200d-2640-fe0f-200d-27a1-fe0f
woman_kneeling_facing_right_medium_dark_skin_tone	1f9ce-1f3fe-200d-2640-fe0f-200d-27a1-fe0f
woman_kneeling_facing_right_medium_light_skin_tone	1f9ce-1f3fc-200d-2640-fe0f-200d-27a1-fe0f
woman_kneeling_facing_right_medium_skin_tone	1f9ce-1f3fd-200d-2640-fe0f-200d-27a1-fe0f
woman_kneeling_light_skin_tone	1f9ce-1f3fb-200d-2640-fe0f
woman_kneeling_medium_dark_skin_tone	1f9ce-1f3fe-200d-2640-fe0f
woman_kneeling_medium_light_skin_tone	1f9ce-1f3fc-200d-2640-fe0f
woman_kneeling_medium_skin_tone	1f9ce-1f3fd-200d-2640-fe0f
woman_light_skin_tone	1f469-1f3fb
woman_medium_dark_skin_tone	1f469-1f3fe
woman_medium_light_skin_tone	1f469-1f3fc
woman_medium_skin_tone	1f469-1f3fd
woman_running_facing_right	1f3c3-200d-2640-fe0f-200d-27a1-fe0f
woman_running_facing_right_dark_skin_tone	1f3c3-1f3ff-200d-2640-fe0f-200d-27a1-fe0f
woman_running_facing_right_light_skin_tone	1f3c3-1f3fb-200d-2640-fe0f-200d-27a1-fe0f
woman_running_facing_right_medium_dark_skin_tone	1f3c3-1f3fe-200d-2640-fe0f-200d-27a1-fe0f
woman_running_facing_right_medium_light_skin_tone	1f3c3-1f3fc-200d-2640-fe0f-200d-27a1-fe0f
woman_running_facing_right_medium_skin_tone	1f3c3-1f3fd-200d-2640-fe0f-200d-27a1-fe0f
woman_standing	1f9cd-200d-2640-fe0f
woman_standing_dark_skin_tone	1f9cd-1f3ff-200d-2640-fe0f
woman_standing_light_skin_tone	1f9cd-1f3fb-200d-2640-fe0f
woman_standing_medium_dark_skin_tone	1f9cd-1f3fe-200d-2640-fe0f
woman_standing_medium_light_skin_tone	1f9cd-1f3fc-200d-2640-fe0f
woman_standing_medium_skin_tone	1f9cd-1f3fd-200d-2640-fe0f
woman_walking_facing_right	1f6b6-200d-2640-fe0f-200d-27a1-fe0f
woman_walking_facing_right_dark_skin_tone	1f6b6-1f3ff-200d-2640-fe0f-200d-27a1-fe0f
woman_walking_facing_right_light_skin_tone	1f6b6-1f3fb-200d-2640-fe0f-200d-27a1-fe0f
woman_walking_facing_right_medium_dark_skin_tone	1f6b6-1f3fe-200d-2640-fe0f-200d-27a1-fe0f
woman_walking_facing_right_medium_light_skin_tone	1f6b6-1f3fc-200d-2640-fe0f-200d-27a1-fe0f
woman_walking_facing_right_medium_skin_tone	1f6b6-1f3fd-200d-2640-fe0f-200d-27a1-fe0f
woman_with_beard	1f9d4-200d-2640-fe0f
woman_with_beard_dark_skin_tone	1f9d4-1f3ff-200d-2640-fe0f
woman_with_beard_light_skin_tone	1f9d4-1f3fb-200d-2640-fe0f
woman_with_beard_medium_dark_skin_tone	1f9d4-1f3fe-200d-2640-fe0f
woman_with_beard_medium_light_skin_tone	1f9d4-1f3fc-200d-2640-fe0f
woman_with_beard_medium_skin_tone	1f9d4-1f3fd-200d-2640-fe0f
woman_with_probing_cane	1f469-200d-1f9af
woman_with_probing_cane_dark_skin_tone	1f469-1f3ff-200d-1f9af
woman_with_probing_cane_light_skin_tone	1f469-1f3fb-200d-1f9af
woman_with_probing_cane_medium_dark_skin_tone	1f469-1f3fe-200d-1f9af
woman_with_probing_cane_medium_light_skin_tone	1f469-1f3fc-200d-1f9af
woman_with_probing_cane_medium_skin_tone	1f469-1f3fd-200d-1f9af
woman_with_veil	1f470-200d-2640-fe0f
woman_with_veil_dark_skin_tone	1f470-1f3ff-200d-2640-fe0f
woman_with_veil_light_skin_tone	1f470-1f3fb-200d-2640-fe0f
woman_with_veil_medium_dark_skin_tone	1f470-1f3fe-200d-2640-fe0f
woman_with_veil_medium_light_skin_tone	1f470-1f3fc-200d-2640-fe0f
woman_with_veil_medium_skin_tone	1f470-1f3fd-200d-2640-fe0f
woman_with_white_cane_facing_right	1f469-200d-1f9af-200d-27a1-fe0f
woman_with_white_cane_facing_right_dark_skin_tone	1f469-1f3ff-200d-1f9af-200d-27a1-fe0f
woman_with_white_cane_facing_right_light_skin_tone	1f469-1f3fb-200d-1f9af-200d-27a1-fe0f
woman_with_white_cane_facing_right_medium_dark_skin_tone	1f469-1f3fe-200d-1f9af-200d-27a1-fe0f
woman_with_white_cane_facing_right_medium_light_skin_tone	1f469-1f3fc-200d-1f9af-200d-27a1-fe0f
woman_with_white_cane_facing_right_medium_skin_tone	1f469-1f3fd-200d-1f9af-200d-27a1-fe0f
womans_clothes	1f45a
womans_flat_shoe	1f97f
womans_hat	1f452
women-with-bunny-ears-partying	1f46f-200d-2640-fe0f
women-with-bunny-ears-partying_dark_skin_tone	1f46f-1f3ff-200d-2640-fe0f
women-with-bunny-ears-partying_light_skin_tone	1f46f-1f3fb-200d-2640-fe0f
women-with-bunny-ears-partying_medium_dark_skin_tone	1f46f-1f3fe-200d-2640-fe0f
women-with-bunny-ears-partying_medium_light_skin_tone	1f46f-1f3fc-200d-2640-fe0f
women-with-bunny-ears-partying_medium_skin_tone	1f46f-1f3fd-200d-2640-fe0f
women_holding_hands	1f46d
women_holding_hands_dark_skin_tone	1f46d-1f3ff
women_holding_hands_light_skin_tone	1f46d-1f3fb
women_holding_hands_medium_dark_skin_tone	1f46d-1f3fe
women_holding_hands_medium_light_skin_tone	1f46d-1f3fc
women_holding_hands_medium_skin_tone	1f46d-1f3fd
womens	1f6ba
wood	1fab5
woozy_face	1f974
world_map	1f5fa-fe0f
worm	1fab1
worried	1f61f
wrench	1f527
wrestlers	1f93c
wrestlers_dark_skin_tone	1f93c-1f3ff
wrestlers_light_skin_tone	1f93c-1f3fb
wrestlers_medium_dark_skin_tone	1f93c-1f3fe
wrestlers_medium_light_skin_tone	1f93c-1f3fc
wrestlers_medium_skin_tone	1f93c-1f3fd
writing_hand	270d-fe0f
writing_hand_dark_skin_tone	270d-1f3ff
writing_hand_light_skin_tone	270d-1f3fb
writing_hand_medium_dark_skin_tone	270d-1f3fe
writing_hand_medium_light_skin_tone	270d-1f3fc
writing_hand_medium_skin_tone	270d-1f3fd
x	274c
x-ray	1fa7b
yarn	1f9f6
yawning_face	1f971
yellow_heart	1f49b
yen	1f4b4
yin_yang	262f-fe0f
yo-yo	1fa80
yum	1f60b
zany_face	1f92a
zap	26a1
zebra_face	1f993
zero	0030-fe0f-20e3
zipper_mouth_face	1f910
zombie	1f9df
zzz	1f4a4
